Professor_ID,Professor_Name,Quality,TakeAgain,RatingCount,Difficulty
1705832,Walker White,4.4,83%,151,3.3
192501,Jane Marie Law,4.6,93%,79,3
2239807,Michael Clarkson,4.3,85%,44,3.6
2217297,Jamol Pender,2.1,24%,42,4.2
1025323,Evan Cooch,4.9,100%,37,3.8
2844569,David Freund,3.5,64%,30,3.4
2932449,Ryan Tapping,5,100%,26,2.7
1679995,Allison Weiner Heinemann,4.9,100%,21,3.1
1908365,Christopher Batten,5,100%,15,3.4
2576884,Nils Napp,2.1,31%,13,2.5
3031127,Fikri Pitsuwan,3.6,75%,8,3.8
2476117,Debdeep Jena,2.2,17%,6,4
3071163,Jonathan Lawrence,5,100%,2,2.5
2723270,Andrew Musser,1.1,3%,912,4.9
941162,Michael Lynn,1.8,0%,26,3.8
2881402,Benjamin Soltoff,1.5,13%,24,4.3
1704715,Gregory Ezra,3.2,50%,11,4.4
2290958,Jeanne Varney,2.2,20%,10,1.9
2260586,Kevin Packard,2.1,25%,79,3.9
2254913,Kilian Weinberger,3.7,68%,52,2.9
2448299,Mary MacAusland,3.4,59%,24,3.8
2292681,Laurent Saloff-Coste,2.6,35%,20,3.4
2702084,Wen Sun,4.6,80%,5,4
1913576,Stephanie Thomas,2.4,30%,125,3.2
2932773,George Orlov,3,49%,39,3.3
1997239,Vanessa Bohns,4.3,84%,36,2.4
2227009,Eric Lewis,3.2,45%,20,3.1
2027317,Daniel Lorey II,4.8,100%,16,3.7
2851227,Michelle Chen,1.9,22%,14,3.5
873778,Jeffrey Varner,4.1,63%,11,2.6
2763538,Greeshma Gadikota,4,67%,9,3
2867976,Nicolas Templier,2.5,38%,8,3
3055188,Sumanta Basu,4.9,100%,8,1.1
2676839,Sarah Hormozi,1.5,17%,6,2
2735720,Douglas McBride,4.8,75%,4,2.5
2146286,Daniel Manne,4.2,85%,14,2.4
2781570,Kathleen Hefferon,3.8,50%,6,2.5
2826903,Ankit Disa,2.6,40%,5,3.8
2132310,Cynthia Kinsland,2.7,33%,47,4.1
1658929,Aaron Wagner,4.9,88%,11,4
2669872,Bryn Rosenfeld,2.8,45%,9,4.3
2222284,Silvia Ferrari,2,13%,8,2.1
2367270,Joseph Skovira,4.4,72%,7,1.7
1526046,Hadas Ritz,3,37%,92,3.8
927429,David Pizarro,4.4,95%,86,2
1841153,Kyle Lancaster,4.4,88%,51,3.9
2704552,John McCarthy,4.6,88%,8,2.5
3026777,Santiago Anria,4.8,100%,4,2.8
2974035,James Carter,4.3,67%,3,1
2897543,Gali Racabi,5,100%,3,3.3
3073343,Al Davidoff,5,100%,1,2
711129,Michael Fontaine,4.2,80%,15,3
2972964,Natasha Ayaz,5,100%,5,1.8
3073144,Nikki Fortier,5,100%,1,2
2756306,Curran Muhlberger,2.8,52%,43,3.7
1963171,Julieta Caunedo,3.2,55%,23,3.6
560469,Maxim Perelstein,4.3,100%,16,3.5
3021926,Paul Ortiz,5,100%,3,2
246616,George Jakubson,2.7,36%,105,4
2946584,Matthew Eichhorn,4.6,91%,11,3.5
3046207,Nikky Suarez,3,63%,8,3.9
2912709,Cynthia Lin-Lawell,4.4,80%,5,2.2
3065778,Yian Yin,3,50%,2,3
2399360,Matthew Saleh,4.8,100%,30,2.6
2790396,Eanna Flanagan,5,100%,4,4.8
226122,Philip Krasicky,4.2,100%,84,3.3
2744522,Cliff Kraft,1.3,12%,18,2.8
2805602,Frans Schalekamp,4.8,94%,16,2.3
3029842,Anson Choy,4.2,89%,9,2.4
2665545,Zhiting Tian,2.6,43%,7,3.4
3000014,Ekin Erar,1,0%,1,5
560515,Reyer Sjamaar,3.7,68%,36,3.7
2410214,Vikram Krishnamurthy,4.3,83%,17,3.4
1845016,Robert Van Dover,4.1,65%,17,3
42676,Bruce Ganem,3.7,75%,127,3.8
163181,Harry Segal,4.3,100%,88,2.4
2177760,Doug McKee,4.6,83%,39,3.4
381056,Ross Brann,4.6,100%,33,2.3
2504388,Douglas Kriner,4,75%,28,2.9
1320083,Iago Gocheleishvili,4.8,100%,25,2.2
2920103,Kihoon Seong,1.7,12%,25,4.1
454416,Adam Arcadi,4.7,93%,24,2.3
1547176,Hakim Weatherspoon,2.3,17%,15,3.8
2297781,Thomas Cleland,3.9,82%,11,2.7
2837843,David Shoemaker,4.8,100%,6,2.3
2674694,Lisa Chervinsky,2.5,50%,4,2.5
3067965,Patrick O'Grady,2,0%,1,4
3071820,AJ Edwards,4,100%,1,2
2538397,Jeremy Entner,2.2,28%,74,3
271614,Ileen DeVault,4.3,67%,45,2.9
199658,Harold Hodes,2.7,46%,40,3.9
271154,Michela Baraldi,4.6,86%,27,1.9
3022009,Chris Bordoni,5,100%,19,4
2148502,JR Keller,5,100%,14,1.6
2517057,Bill Miller,4.8,92%,12,2.3
2398655,Edward Swartz,4.4,78%,9,3
2535455,Roberta Militello,2,34%,3,3.3
2985930,Matilda Prestano,5,100%,2,1.5
3027324,Laura Gunn,5,100%,2,1
3071676,Kathy Ball,5,100%,1,1
2762641,David Chernoff,5,100%,1,2
247163,Kora Battig Von Wittelsbach,4.2,87%,84,3.2
1758194,Chekitan Dev,4.7,95%,75,3
2282033,Jeremy Allen,5,100%,41,3.4
2747318,Anke van Zuylen,4,66%,23,4.3
1934878,Marc Goebel,4.9,100%,15,2.7
1286667,Rick Johnson,2.3,50%,8,4.5
2641430,Marty Cain,5,100%,6,2
3071613,Enoch Aboi,5,100%,1,1
2544740,Fengqi You,4.9,93%,146,3.4
778584,Bruce Monger,4.6,93%,95,1.7
1044587,Stephan Schmidt,2.6,0%,49,3.4
2147273,Melissa Smith,4.5,88%,34,2.7
384052,Maria Cristina Garcia,4.6,82%,29,2.6
636260,Neema Kudva,2.8,0%,27,3.8
1782009,Julie Carmalt,4.3,85%,23,2
362355,Debbie Cherney,3.3,40%,21,2.5
2074100,Florentina Bunea,3.4,50%,20,2.9
2458225,Benjamin Leyden,3.9,67%,9,3.6
1698563,Neil Tarallo,4.1,67%,9,3.1
2315766,Kristina Blake-Hodek,4.2,78%,9,3.3
2533441,Jawad Addoum,4.1,72%,7,3.1
2651358,Chloe Ahmann,4.5,100%,6,2.5
2757403,Tobias Doerr,4.8,100%,5,3
2768266,Lindsay Goodale,3.3,50%,4,1.5
2973138,Jolanda Pandin,4.7,100%,3,3
3032055,Ana Howie,5,100%,3,4
2987854,David Kent,5,100%,2,1.5
3064778,Rebecca Brenner,4.5,100%,2,2
3059897,Drummond Fielding,5,100%,1,1
3071327,Yi Athena Ren,3,100%,1,5
2260768,Immanuel Trummer,3.3,56%,18,3.1
308440,Sarosh Kuruvilla,3.5,86%,18,3.3
1582682,Alyosha Molnar,4.5,100%,14,4.5
2701278,Sarah Besky,2.6,29%,14,4
2148952,Andrew Moisey,4.3,84%,12,2.5
2647310,Virginia Doellgast,3,58%,7,3.3
1891360,Catherine Appert,2.5,34%,5,3.4
3038880,Grace Xing,1,0%,4,4.5
1269627,Gary Evans,4.4,85%,41,2.3
178449,Andrew Willford,3.6,50%,19,2.4
971576,Sujata Singh,3.5,67%,11,2.7
2900311,Nathalie Trottier,2.8,45%,9,3.1
2974747,Martin Graef,3.9,88%,8,2.9
2740612,Van Lewis,4.3,100%,3,5
3041934,Emily Foster,5,100%,2,2
3024390,Nozomi Nishimura,3,100%,1,3
1800741,Kelly King-O'Brien,1.9,6%,23,4.4
1911889,William Starr,4.1,78%,11,2.2
134422,Jennifer Wissink,3.2,36%,299,3.2
85387,Michael Gold,3.6,55%,67,4.6
1969269,Joseph Margulies,3.7,94%,26,3.3
2956648,Robert Turgeon,2,20%,5,2.4
2941996,Jeron Carr,5,100%,3,3.3
2806382,Elise Finielz,5,100%,2,2.5
3070601,Tracy Carrick,5,100%,1,3
3065779,Rohit Lamba,2,0%,2,3
3070393,Leila Wilmers,1,0%,1,4
288487,Pamela Tolbert,3,60%,27,2.1
1952856,Paul Friedland,4.8,93%,22,3.2
1462774,Claudia Verhoeven,4.5,80%,15,3.3
2795505,Stephen Sauer,4.3,82%,11,2.1
3038768,Pierre Patie,1,0%,4,4.5
2974870,Michelle LaVigne,4.5,100%,2,1.5
1524854,Linda Nicholson,4.5,92%,14,3.4
2955429,Melisa Medina-Rivera,1.8,20%,5,4.6
2155742,Karola Meszaros,4.3,75%,4,2.8
3069899,Tolunay Aydemir,5,100%,1,2
3069882,Matthew Bettencourt,5,100%,1,1
195472,Pedro Perez,2.6,43%,145,2.8
508817,Floyd Davis,3.8,89%,48,3.3
2461887,Terence Alexander,3.5,64%,41,3
2612419,Marina Caillaud,4.8,100%,25,2.4
756459,Kate McCullough,3.6,45%,18,3.1
389044,Sabine Haenni,3.9,50%,17,2.8
1721146,Caitlin Barrett,4.7,100%,13,2.2
2945390,Thomas Godwin,5,100%,9,3
2931105,Trent Preszler,3.7,67%,3,4.3
2913902,Macarena Tejada-Lopez,4.7,100%,3,3.3
3031959,Ginger Allington,3,50%,2,3
963906,Vivian Zayas,3.3,45%,57,4
672063,Michael Nussbaum,1.8,16%,31,3.7
646668,Jonathan Russell-Anelli,3.3,17%,11,3.1
2705103,Joseph Sullivan,3.6,75%,8,2
2180660,Eilyan Bitar,4.3,86%,7,4
428168,Silvia Amigo-Silvestre,3.6,65%,28,3.8
249442,Ashim Datta,4.4,84%,25,3.2
2981435,Sungwoo Jeong,5,100%,5,2.8
2109847,Anne Bracy,3.6,65%,68,3.9
37207,Rachel Weil,3.2,78%,38,3.6
192539,Gunhild Lischke,4.3,100%,33,3
333013,Derek Chang,4.4,85%,30,2
1197950,Benjamin Cornwell,4.6,100%,29,1.8
131128,David Powers,3.3,50%,27,3.1
1846028,Kendra Bischoff,4.1,81%,25,3.1
2419833,Peter Rich,3.8,78%,22,3.1
717246,Risa Lieberwitz,3.4,62%,21,3.3
370209,John Sipple,3.4,67%,20,3.5
278199,Tamara Loos,4.8,89%,19,2.3
185780,David Strang,2.3,0%,18,2.7
232759,Lillian Lee,4.2,64%,18,3.5
388964,Ray Craib,4.5,89%,17,2.8
798105,Rachel Prentice,2.8,67%,16,3.8
1832325,Mostafa Minawi,4.4,82%,14,2.9
2628183,Cristina Florea,4.6,90%,10,3.5
1210404,Erin York Cornwell,4.1,60%,9,2.4
2100067,Shannon Gleeson,3.4,67%,7,3
2703388,Landon Schnabel,4.8,100%,5,1.6
2698364,Grit Matthias Phelps,4.3,67%,3,2.7
2744426,Casey Schmitt,4.7,100%,3,3
2788495,Lawrence McCrea,5,100%,2,2
3067478,Misha Inniss-Thompson,3,0%,2,1
2954307,Jodi Byrd,4.5,100%,2,2.5
2826061,Barum Park,5,100%,2,3
351711,Ken Birman,2.9,32%,43,2.8
202231,Daisy Fan,3.7,78%,149,3.2
98670,Tim Devoogd,3.1,57%,47,4
2943212,Kate Navickas,4.2,80%,5,3.4
2019164,Nicole Giannella,4,67%,4,2.8
3062547,Sergio Chaves,5,100%,2,4.5
2557939,David Sahn,1.5,0%,2,3.5
3067480,Cyrus Umrigar,4,100%,1,1
9789,Stephen Lee,3.2,57%,112,4.3
204717,Rosemary Avery,3.6,47%,71,3.8
2968076,Justin St. Juliana,2.3,25%,4,3.8
2373159,Eve Donnelly,4,67%,3,2.7
2899271,Natasha Holmes,3,100%,1,2
3066416,Em Setzer,5,100%,1,2
2755141,Kevin Ellis,1,0%,1,5
2290278,Sabrina Karim,3.8,58%,14,3.2
3041500,Jason Sockin,3.5,63%,8,3.8
2894790,Rachee Singh,3.3,50%,4,3.3
2561178,Alice Wolff,5,100%,3,1.7
3027491,Waleska Solorzano,4.5,100%,2,3
2350519,Aaron Adalja,4,67%,21,2.7
1696049,Elizabeth Fisher,4.6,90%,14,2.6
560050,Qiuyun Teng,4.2,100%,9,3.7
2772948,Kasey Tarantino,1.9,29%,7,2.7
2653859,Simone Tang,4.2,67%,6,2.8
2654523,N'Drie Assie-Lumumba,2.3,0%,4,3
2514820,Dan Torop,2,25%,4,4
3067083,Maha Haji,3,100%,1,1
2605229,Jacob Chestnut,3,50%,8,3.1
1136448,Peter Doerschuk,2.7,47%,19,3.3
2823574,Carl Bernard,4.9,100%,13,3.1
1801158,Sam Tilsen,2.4,28%,13,3.8
1363272,Brisa Teutli,4.4,91%,23,3.1
809456,Thorsten Joachims,3.2,25%,14,3.8
3060868,Lawrence Shuster,1,0%,2,3
9787,T. Michael Duncan,4.1,84%,58,3.8
2234527,Lorenzo Alvisi,2.5,38%,37,4.4
1579219,Corinna Loeckenhoff,4.2,79%,17,2.5
2379505,Lauren Korfine,4.9,100%,15,2.3
2969679,Sadé Lindsay,3.6,75%,8,1.5
2958582,Gili Vidan,3.8,75%,4,2.5
2876202,Kimberly Phoenix,5,100%,3,2.7
2044384,David Putnam,4.5,100%,3,3
191934,Peter Katzenstein,4.5,91%,327,3.8
235603,Robert Connelly,2.1,28%,69,3.7
874861,Sam Nelson,4.5,88%,39,1.7
2418876,Adam Litwin,3.8,77%,13,2.6
2769054,Daniel Szpiro,4.9,100%,12,2.8
2627091,Abe Davis,3.2,45%,9,3.4
2715724,Verity Platt,4.8,80%,5,2.6
1558429,Larry Cathles,4.7,50%,3,1.3
3042815,Xin Jiang,4.5,100%,2,3.5
423457,Steven Strogatz,4.6,95%,50,2.9
481158,Harry Katz,4,89%,31,2.7
2040799,David Schneider,1.4,9%,25,2.4
2561462,Scott Erickson,2.2,28%,11,2.6
1124758,Tibor Janosi,3.1,50%,8,3.1
2217295,Adrian Sampson,4.9,100%,8,3.5
2495620,Irene Eibenstein-Alvisi,3.8,75%,8,3.6
2952105,Adi Grabiner-Keinan,1.8,20%,5,3.8
2864649,Ryan Chahrour,2.3,25%,4,4.3
3018890,Giulia Guidi,4.5,100%,2,3.5
188471,Kaushik Basu,4.2,84%,35,3.1
2263236,Christopher Gaulke,3,55%,35,3.6
1275803,Flavien Glidja,3.3,34%,26,3.8
2051202,Brandon Tripp,4.8,100%,22,3
299858,Parfait Eloundou-Enyegue,3.3,67%,22,1.9
2106667,Itziar de Rivera,4.6,93%,15,2.5
270209,Rayna Kalas,4,100%,13,3.6
807343,Kenneth Roberts,4.5,100%,13,2.5
2768453,Nathan Matias,3.6,78%,9,2
11368,Kaja McGowan,4.8,67%,7,2.7
815216,Fouad Makki,4.5,75%,6,3.2
2401088,Bruce Lauber,4,80%,5,3.6
2666871,Prabhu Pingali,1.8,0%,4,1.3
182081,David Lennox,3.5,50%,4,3
2967186,Meredith Holgerson,4.3,67%,3,2.7
2650278,Tashara Leak,3.7,67%,3,2.7
2361357,Alex Townsend,4.6,90%,47,3.6
1419546,Dawn Chutkow,4.7,95%,43,3.3
527943,Yuri Berest,2.9,44%,39,3.4
221639,Lowell Turner,4.1,84%,36,2.3
746641,Darlene Campbell,3.8,89%,32,4
1343929,Thomas Silva,4.8,94%,31,1.8
449696,Irby Lovette,3.7,100%,24,2.8
2258736,Haym Hirsh,3.2,67%,15,2.5
2667093,Matthew Wilkens,3.6,58%,14,3.3
2098731,Robert Karpman,2.1,24%,14,2.9
1739670,Calum Turvey,3,46%,13,3.5
2760033,Ahmed El Alaoui,2.4,34%,12,4.2
746550,Edwin (todd) Cowen,4.3,100%,12,3
2590381,Kristin Roebuck,4.3,78%,9,3.3
2972890,Yiran Zhang,4.2,100%,5,4
131125,Timothy Campbell,3.8,100%,5,3.6
2775276,Julie Ficarra,1,0%,5,4.6
2767375,Aditya Vashistha,5,100%,4,3
2978215,Johnny Tang,3.3,67%,3,4
2823917,Chioma Iwunze,3,50%,2,1.5
3065874,Emily Anderson,5,100%,1,3
3065279,Rebeca Héy-Colon,5,100%,1,2
3017416,Colin Stragar-Rice,2,0%,1,3
2277575,Kyle Harms,2.6,44%,69,3.1
2442914,Xiaolong Yang,2.3,29%,14,3.7
2971447,Adam Hoffman,4.3,78%,9,1.6
2875608,Erin Green,1,0%,2,4
321716,Robert Smith,4.6,100%,29,2.6
2187322,Donna Haeger,3,57%,16,2.3
2963574,Eddy Kim,3.2,55%,11,3.5
2914049,Allison Koenecke,5,100%,6,3.3
2702779,Ewa Bachminska,4.4,80%,5,2.2
3040955,Andrei Guruianu,4,50%,2,4.5
3029121,Andrew Hill,3,0%,1,4
1919764,Thomas Campanella,3,84%,11,2.8
1820199,Justin Moore,4.2,100%,10,3.5
1382276,Michael Lovenheim,3.7,67%,9,4.2
2667502,John Tobin,2.9,50%,8,2.5
2974241,Emily Garbinsky,1,0%,4,5
2247455,Kelly Delp,4.2,80%,39,3.3
1985018,Glenn Case,3.7,64%,24,3.7
184753,Michael Macy,3.8,50%,12,2.5
2958675,Joshua Cole-Kurz,1,0%,9,5
2913824,Kevin Siegenthaler,4.1,63%,8,4
3064163,Adhy Kim,1,0%,2,2
3023008,Mark Wilde,5,100%,2,3
2921226,Douglas Knowles,5,100%,1,3
1819085,Rossi Frank,4.9,100%,11,1.7
2444174,Rachel Bezner Kerr,2.3,67%,6,2.7
2912603,Will Hobbs,3.3,34%,3,3
2653632,Alex Rees-Jones,1,0%,2,5
3063559,Max Kapustin,5,100%,1,3
3063566,Sophie Oldfield,3,0%,1,2
3063852,Jeremy Sockin,4,100%,1,3
2734007,Sara Stamatiades,5,100%,1,2
489351,Michael Stillman,4.5,91%,50,2.8
2344093,Todd Clary,4.9,100%,13,2.7
2607820,Emilia Illana Mahiques,2.4,30%,10,4
2451607,Andrej Singer,4,80%,5,3.4
2039670,Adam Anderson,3.3,50%,4,2.3
2734860,William Miller,5,100%,3,1
2970463,Hunter Phillips,5,67%,3,1
3011048,Julian Hartman,4,100%,2,3
653625,Farhan Rana,4.7,38%,27,4.5
271282,Andrea Simitch,2.7,0%,21,4.2
568824,Todd Walter,4,58%,15,2.4
2282908,Malte Jung,2.6,38%,8,2.9
2853784,Dwayne Bershaw,5,100%,4,1.5
1994331,Maria Park,3.3,50%,3,3
2312584,Andrei Marmor,4.5,100%,2,3
3062448,Stefano Galelli,4,100%,1,3
2902222,Sergio Puerto,3,100%,1,3
3061725,John Thickstun,3,0%,1,4
855263,Erich Mueller,2.9,43%,26,3.3
2894716,Sean Flynn Jr,1.6,15%,14,4.8
3061592,Claire Challancin,1,0%,1,4
848794,Ding Xiang Warner,2.4,14%,26,3.9
1882024,Jeanne Moseley,2.5,16%,16,2.7
182138,Daniel Quan,2.4,12%,14,4.4
820145,Paul Ginsparg,3.3,80%,12,3.2
1688346,Makda Weatherspoon,4.9,100%,10,2.3
840146,Kevin Ernste,4.4,50%,8,2.1
3043277,Molly Womack,1,0%,1,2
3061030,Anna Shechtman,3,0%,1,1
2583985,Gen Meredith,1,0%,1,5
1564316,Weiqing Su George,3.9,47%,20,4.2
1986662,Richard Robinson,1.3,15%,7,3.6
2956992,Ruth Lawlor,5,100%,6,2.8
3052896,Oumar Ba,3,0%,1,1
166526,John Callister,3.5,45%,124,2.1
2869897,Cristobal Forestier,3.4,60%,5,2.4
2973641,Colin Behrens,3,50%,4,3.5
2454891,Charlie Green,5,100%,3,1.3
2966006,Bryan Danforth,5,100%,1,2
729475,Kurt Jordan,4.1,86%,20,3.3
2795758,Sreyoshi Das,1.9,23%,9,3.3
2981563,Brisa García,5,100%,1,1
2367493,Arnab Basu,2.8,50%,32,3.2
921208,Zhihong Chen,4.7,100%,17,3.2
2952335,Lauryn Jones,5,100%,9,3.1
2779412,Sean Fath,5,100%,3,1.7
3027246,Jordan Young,3,67%,3,5
180783,Andrew Myers,3.6,60%,38,4.1
2109290,Russell Rickford,2.4,31%,26,3.2
1616835,Natalie Melas,4.8,50%,4,2.5
2222056,Matt Ryan,4,100%,4,1.8
139568,Melissa Hines,3.1,16%,132,3.8
2282486,Abigail Drake,2.5,30%,34,2.7
2623542,Asis Martinez-Jerez,3.2,54%,26,4
3015134,Meng Qi,2.5,50%,2,1
2282483,Robert Reed,3.5,100%,2,3
3054287,Megan Sawey,5,100%,1,2
1145690,Itai Cohen,1.7,5%,28,3.4
2946572,Noah Stephens-Davidowitz,3,60%,5,4.4
3053530,Jamie Budnick,5,100%,1,1
876368,Helena Viramontes,4.8,100%,8,1.9
1183755,Val Warke,4.5,100%,5,2.2
1121838,Kimberly O'Brien,2.9,34%,28,3.1
2838417,Seema Golestaneh,5,100%,5,2.2
2926498,Alexander Rush,1,0%,3,4.7
183398,Richard Curtis,2.8,16%,135,3.2
1632664,Gilly Leshed,2.1,21%,30,3.2
2972249,Dana Yang,3.4,40%,5,1.6
2831582,Katelin Olson,2.3,34%,3,4
2371399,Philippe Sosoe,4.2,80%,5,3.8
2614678,Juan Hinestroza,3,34%,3,3.3
1698028,Eli Friedman,2.3,32%,39,3.6
3027485,Courtney Davis,4.5,100%,2,3.5
3047992,Ben Gottesman,2,0%,1,5
2947518,Derek Chan,4.7,89%,9,3.1
2700566,Cathy Kling,1.9,14%,15,2.9
2176020,Peggy Odom-Reed,1.8,16%,19,4.3
543604,Robert Sukle,3.4,34%,16,3.8
893964,Nick Salvato,4.4,72%,13,2.9
3028775,Leighton Beaman,1,0%,1,3
498669,John Hubbard,3.7,75%,18,4.1
2619646,Marina Welker,5,100%,5,2
135505,Jim Tantillo,3.9,38%,25,3.9
3017002,Emaad Manzoor,2.3,0%,3,3
2816543,Tom Estad,1,0%,2,4.5
98768,Alex Flecker,3.4,75%,16,2.3
2835310,Jeffery Rzeszotarski,5,100%,5,2.6
491349,Eric Rebillard,2.5,75%,28,3.3
397232,John Whitman,4.7,80%,14,2.4
1118084,Eric Cheyfitz,3,58%,11,3.6
18310,Thomas Owens,2.7,100%,151,4.4
3031960,Steven Johnson,3,100%,1,2
268953,Bert Fulbright,3.7,73%,43,3.4
2906361,Jeremy Ladd,3,75%,4,2.5
2920901,Chelsea Frazier,5,100%,4,2.5
371779,Masha Raskolnikov,3.7,60%,47,3.1
2590920,Richard Stedman,4.3,75%,8,2
192541,Anil Nerode,2.4,40%,26,2.1
1178634,Misako Suzuki,4.9,100%,13,3.1
1767222,Jonathon Schuldt,4.6,67%,7,2.7
1176884,Peter Enns,5,100%,4,2.3
2334761,Kevin Seaman,4,100%,2,2
3039934,Laura Niemi,5,100%,1,2
726916,Durba Ghosh,3.9,67%,10,3.7
2379558,John Zinda,1.9,25%,8,3.3
2973941,Ashley Edlund-Chescheir,1.7,0%,3,4.3
2990090,Emma Wang,1.5,0%,2,3.5
263775,Chris Barrett,4.5,58%,32,2.9
2219290,Gregory Londe,5,100%,11,2.1
2409965,J. Ellen Gainor,4,84%,6,2.8
2220003,Raissa Krivitsky,4.3,75%,4,3
1603600,Xiaodong Cao,2.5,37%,14,3.2
1727308,Jane Juffer,3.6,50%,9,3.3
2802370,Tapomayukh Bhattacharjee,3,50%,2,1
2663824,Kevin Kniffin,3.7,67%,6,2.3
2065354,Suzanne Mettler,4.1,96%,30,2.8
2774904,Elisavet Makridis,5,100%,8,1.3
2964932,Alissa Kleinnijenhuis,1,0%,2,3.5
2432924,Scott Sorrell,5,100%,4,2.5
2678774,Pierre-Elliot (Peter) Caswell,1,0%,3,4.7
3035375,Daniel Leithinger,1,0%,1,1
3034653,Nayel Bettache,5,100%,4,1.8
533286,Lee Adler,4.5,100%,11,3
2955275,Michael Maffie,5,100%,2,2
2763529,Nicholas Mulder,2,22%,23,3
2869806,Michael Lee,4,75%,4,2.5
3011593,Ziv Scully,5,100%,1,4
2824855,Nam Kim,2.9,36%,17,3.8
2621198,Giulia Andreoni,3.7,67%,3,3
2145625,Kristina Workman,3.5,67%,8,3.4
281731,Mitchel Greenberg,2.4,34%,7,2.7
1902534,Zhiru Zhang,4.5,90%,12,3
489963,Holly Case,4.4,67%,29,3.6
1406954,Claudia Fischbach-Teschl,3.3,0%,5,3
2711257,Emanuel Mora,5,100%,6,2.5
2183281,Christian Danescu,3.3,59%,12,2.4
528773,Simone Pinet,1.7,28%,84,3.4
2934225,Divya Deepthi,1.2,12%,9,4.4
2772181,Ori Heffetz,3.7,67%,3,4.7
299960,David Holmberg,3.2,0%,12,2.7
2216545,So-Yeon Yoon,4.7,100%,3,4.7
2914073,Janet Loebach,4,100%,1,3
3028402,Jay Yoon,5,100%,1,2
3028035,Nicholas Klein,5,100%,1,3
336003,Scott MacDonald,4.2,75%,8,3.6
2959288,Kelly Pohland,4.6,86%,7,3.1
343917,Christopher Way,4.1,72%,20,3.5
2186527,Crocker Liu,2.8,34%,9,4.6
229219,Tracy McNulty,4.7,100%,5,3.2
1187015,Robert Raguso,4.6,100%,6,3.3
3027488,Leonardo Campagna,5,100%,1,1
3027489,Willy Bemis,5,100%,1,1
3027289,Luke Witchey,1,0%,1,5
2652406,Tyrell Stewart-Harris,3.3,50%,8,3.5
272258,Veit Elser,3,80%,39,3.6
2268390,Nicholas Sanders,4.7,96%,43,2.5
1423180,Jeremy Braddock,4.1,100%,10,2.6
2949800,India Hackle,5,100%,1,1
3025259,Joanna Upton,5,100%,1,2
134345,Eric Tagliacozzo,4.9,100%,33,2.4
2494769,David Bateman,4.5,85%,13,3.3
2376185,Robert DiStasio,4.1,80%,29,3.5
2853199,Robert Ross,5,100%,4,1.5
904500,Peter Jessel,2.8,0%,5,2
1659689,Ziad Fahmy,4.3,92%,21,2.4
2921750,Elizabeth Brundige,3.2,60%,5,1.8
1447866,Sarah Jefferis,1.1,0%,14,4.1
2236714,Daniel Buckley,5,89%,9,3.4
2688809,Esak Lee,2.8,60%,5,3.4
2761100,Thomas Hartman,5,100%,5,3.8
2534277,Brad Ramshaw,5,100%,3,3
1582680,David Albonesi,4.1,77%,27,2.8
2842527,Tristan Lambert,2.2,34%,6,4.5
2958912,Fabien Royer,5,100%,4,3.5
2934424,Natalie Capiro,2.5,0%,2,3
574475,David Collum,3.5,25%,11,3
9723,Glenn Altschuler,3.4,0%,32,2.8
2560560,Jane Glaubman,2.3,34%,3,2.7
701963,Jason Frank,4.5,72%,16,3
2959949,Matthieu Réal,5,100%,2,2.5
2774025,Lily Codera,5,100%,1,3
2101286,Diane Burton,1.5,15%,9,3.3
2804520,Jenna Golan,1.2,8%,13,4.1
2492852,Xuewen Yan,4,75%,4,2.5
1426658,Peter Diamessis,2.9,20%,8,3.1
1201215,Susan Daniel,2.7,0%,13,3.4
3020561,Sriramya Nair,5,100%,1,3
885544,Christopher Monroe,3.7,62%,27,2.2
185456,David Shmoys,3.6,56%,18,3.2
743632,David Williamson,5,100%,10,2.8
1852272,Michael Niemack,4.3,80%,6,3.3
2747799,Alice McAdams,2.8,50%,4,3.8
2961724,Timothy Kwiatek,4.7,100%,3,3
593724,Michael Goldstein,4.2,56%,38,3.3
185775,Kim Weeden,4.2,67%,30,2.8
726602,Magnus Fiskesjo,3.1,70%,30,2.1
2651844,Laura Tach,5,100%,8,1.9
2659927,Andrew Campana,5,100%,2,1
606714,Aaron Sachs,4,88%,21,3.4
2714422,Peter Hitchcock,4.5,100%,2,4.5
2482035,Cristobal Young,2.9,54%,15,2
1375805,Brent McBride,4.1,89%,14,2.8
2516889,Joe Guinness,2.5,25%,12,3.4
2379470,Arthur Degaetano,4.1,78%,9,2.8
2703377,Marten Wegkamp,4.8,100%,5,2.6
2567536,David Lennox,1.5,0%,2,3.5
2959433,Owolabi Legunsen,5,100%,2,2
3018607,Rhiannon Griffiths,5,100%,1,2
2835173,Ivanna Yi,5,100%,1,2
133695,Steve Pond,4.8,100%,20,1.7
2756986,Angelina Campos,5,100%,1,2
3018233,Emy Donald,4,100%,1,2
2117078,Chiara Formichi,2.8,43%,8,3.4
2701506,Jason Mokhtarian,2.8,50%,4,3
3018093,Rui Liu,5,100%,1,3
2250227,Ben Rissing,5,100%,23,2.2
2702213,Tracy Mitrano,2.3,34%,12,3.7
2927382,Stacy Silver,5,100%,2,2
2979625,Tashlin Lakhani,5,100%,2,1.5
1295151,Mark Sarvary,3.3,38%,41,1.5
2258419,Nicolas Buchon,4.7,96%,41,3.5
136263,Jon Kleinberg,4.6,89%,33,2.4
2486309,Kristoffer Nimark,2.3,34%,9,2.3
2703376,Karen Levy,4.8,100%,4,2
2707035,Flavio Lehner,4.5,100%,4,2.5
2711560,Damian Helbling,5,100%,4,2.8
1554388,Sharon Sassler,1.8,12%,52,4.2
639797,Michael Weiss,4.4,100%,16,2.6
1830101,Harry De Gorter,4,50%,5,2.8
2686907,Joeva Barrow,2.8,25%,4,3.3
2091782,Michael Mazourek,5,100%,3,2.7
3017699,Deena Thomas,5,0%,1,2
1867464,Olena Rarytska,2.8,67%,5,3.6
3017043,Benjamin Dozier,3,100%,1,3
2363304,Kathie Hodge,4.7,82%,11,2.3
2703391,Robert Sternberg,2.1,25%,8,2.5
3016586,Colleen Carey,5,100%,2,1.5
2814298,Marcel Preuss,2,0%,1,2
560026,Shimon Edelman,2.4,45%,29,2
2703456,Andrea Giometto,4.3,88%,8,2.3
1904355,Michelle Kosch,3,34%,6,3.7
2625720,Daniel Hooker,5,100%,6,2
850457,Wesley Sine,5,100%,5,1.4
3016583,Divya Deepthi,2,0%,2,3.5
3017120,Shreya Kankanhali,5,100%,1,3
588762,Morten Christiansen,3.9,56%,21,3
1259692,Jason Mezey,4.2,100%,5,3
2141165,Karthik Sridharan,2.5,45%,14,4.2
2114336,Natalie Bazarova,3.8,67%,4,3.5
1630904,Mary-Ann Huntley,3.8,100%,4,3
2913719,Marie MacDonald,2.7,43%,7,2.4
2607825,Kelly Liu,4.3,84%,6,3.8
3016581,Bryan Sykes,4,100%,1,3
191715,Wayne Harbert,4.7,100%,21,2.1
3015632,Carla Liesching,5,100%,1,2
2729670,Jeremy Wallace,4,80%,5,2.2
282363,Jon Parmenter,4,72%,24,3.3
270292,Andrew Galloway,4.4,100%,21,2.8
2124371,Michael Paz,4,79%,14,3.4
2497749,Robbert Van Renesse,3.9,70%,10,3.1
2697020,Giulia Brancaccio,3,43%,7,3.3
305803,Judith Peraino,4.2,72%,17,2.5
3015227,Rong Yang,1,0%,2,5
202464,George Boyer,4.5,86%,41,2.8
2847253,Ryan Randle,5,100%,3,2.3
398101,Rick Geddes,4.1,80%,24,2.7
2699926,Dave Roberts,4.9,94%,16,2.4
3014494,Michael Kim,4,100%,2,5
2535524,Rene Kizilcec,5,100%,1,3
1614983,Vimal Selvaraj,3.2,47%,48,4.1
268443,Oren Falk,2.7,13%,47,4.3
215362,Larry Blume,1.5,0%,35,3.8
113676,Stephen Hilgartner,4.1,92%,26,2.4
2341741,Evan Riehl,4.6,91%,11,2.8
2351871,Paul Soloway,2.6,43%,7,3.9
2316167,Seth Strickland,2.3,0%,6,4.8
2766229,Tejasvi Nagaraja,2.7,32%,16,3
3013739,Jaleesa Reed,5,100%,1,3
566506,Bob Turgeon,2.8,43%,44,3.6
2284064,Bharath Hariharan,2.3,35%,20,2.9
185773,Victor Nee,3.5,0%,13,2.4
192515,Cindy Hazan,4.5,80%,52,2.4
172971,Ravi Ramakrishna,4.6,79%,43,3.8
2276923,Devon Proudfoot,4.7,84%,6,2
2473568,Anil Damle,4.8,100%,6,3.5
465327,John Henderson,2.7,84%,24,2.4
1903979,Victoria Beard,2.4,25%,11,3
534212,Chip Aquadro,4.3,80%,11,2.6
2694921,James Spinazzola,2.5,50%,2,3
2154772,Paul Nadasdy,3.5,75%,4,2.8
2946358,Matthew Haulmark,1.5,0%,4,3.3
151911,Cindy Van Es,3.9,55%,89,2.8
165710,Ellis Hanson,3.8,70%,44,2.8
187593,David Easley,4.3,85%,43,2.8
1347424,Meejeong Song,5,100%,6,2.2
2867016,John Doris,4,0%,1,2
1979357,Robert Howarth,3.6,50%,13,2.3
3009143,Nielson Hul,5,100%,2,2
2972674,William Cameron,5,100%,2,2.5
2762792,Paul Fleming,5,100%,1,3
270963,Geoffrey Waite,4,78%,31,2.6
484514,Joe Yavitt,4.3,100%,23,1.7
2703337,Duanyi Yang,5,100%,8,2.4
484851,David Lawrence Deitcher,4,67%,5,2.8
3008683,Menachem Rosensaft,5,100%,1,1
520660,Ngampit Jagacinski,3.1,34%,12,3.3
2461891,Daniel Berry,3.7,60%,10,2.8
1952163,Kathy Arnink,3.6,100%,10,1.9
2781516,Bradley Rickard,3,67%,3,3
2614676,Cindy Kao,4.5,100%,2,2
2769046,Justin Murfin,1,0%,1,5
3007853,Catherine Blumenkamp,5,100%,1,2
1041650,Liz Karns,3,36%,46,2.9
2372836,Reza Moghimi,5,100%,9,1.9
2438484,Brian Lucas,4.6,86%,7,2.3
2985206,Cara Nunez,5,100%,1,4
2371941,Carla Gomes,2.8,0%,4,3.5
155949,Tom Gilovich,4,40%,70,3.4
2169818,Justin Wilson,4.1,79%,14,3.6
2961085,James Stapp,2.7,67%,3,3
132578,David Delchamps,4.5,79%,44,3
1010006,Steve Winans,3.7,65%,21,3.1
1291849,Stephen Garvey,3.9,50%,4,3
3004192,Sarah Meiners,5,100%,1,3
2920114,Jessica Newman,5,100%,1,3
2542024,Toby Ault,4.5,80%,10,1.4
1246801,Patricia Keller,4.3,100%,8,2.4
1362748,Stacey Langwick,3.5,67%,11,3.3
1903952,Emily Zitek,4.2,100%,11,2.6
1850817,Rosemary Batt,4.7,100%,11,3.2
1082657,Kyle Shen,4.8,100%,35,3.9
845700,Gary Fields,4.6,50%,18,2.6
650286,David Muller,3.1,100%,4,2.8
848386,Jian Chen,3.9,100%,13,3
1954956,Stephen Ceci,4.4,80%,6,3
2946172,Ian Lundberg,5,100%,2,1
1941042,Cody Klippenstein,4.7,100%,6,2.3
2090822,Brad Zukovic,4.8,100%,4,1.8
2720891,Donna Haeger,1.3,0%,3,4.3
3000560,Sylvia Hristakeva,2,0%,1,4
2958393,Grace Greiner,3,34%,3,4.7
2999308,Olga Litvak,0,NA,0,0
2999036,Robin Gleed,5,100%,1,5
313384,Mike Shapiro,2.9,100%,13,2.9
2752075,Theodore Korzukhin,2.8,40%,10,4
2913638,Mike Priehs,4.3,100%,3,1.7
2317262,Kirstin Petersen,5,100%,3,2
2029857,Rebecca Schneider,4.8,100%,3,1.3
456398,Adam Klausner,3.5,40%,33,3.6
1870449,Tobias Hanrath,3.2,0%,5,3.6
2815684,Andrea Minca,2,34%,3,4
2201480,Yang Ning,4.9,100%,16,2.9
1410409,Kerry Shaw,2.9,67%,5,2.2
2122686,Drew Margolin,3.3,55%,11,2.7
1020285,Tad Brennan,4.2,70%,19,2.7
1891884,Khena Swallow,2.3,20%,19,3.1
1533020,Abdul Nanji,3.7,50%,3,2.7
2749530,Robert Newman,3.1,43%,7,2.9
2984962,Caitlin Blanchfield,1,0%,3,3
2540538,Jeff Christen,5,100%,7,2.4
1901563,Dennis Bogusz,2.8,0%,2,4
2289762,Jessica Ratcliff,1.8,25%,4,2.5
1179094,Holly Dygert,1,0%,2,3.5
414493,Ti Alkire,4.5,78%,22,2.4
2883024,Ritvik Ramkumar,4.5,100%,2,3
2657302,Nathan Yang,3.7,64%,11,1.6
2698257,Yoav Artzi,1,0%,2,5
2985192,Nelly Andarawis-Puri,5,100%,1,3
915610,Roger Loring,4.1,100%,26,3.6
560345,Lisa Pearo,2.8,0%,8,3.4
2703382,Nika Haghtalab,5,100%,1,4
2760790,Elizabeth Helbling,1.7,12%,26,4.5
2607826,Andy Barrientos-Gomez,3,40%,5,2.4
1927040,Sean Nicholson,4.5,88%,29,2.8
2983589,Maggie O'Leary,0,NA,0,0
872450,Samantha Zacher,4.6,100%,16,3.1
1166798,Jenny Mann,4.6,100%,12,3.2
2295274,Cathy Caruth,4.7,89%,9,2.1
2060873,Dustin Paul,4.8,100%,6,1.5
2982554,Rhonda Gilmore,5,100%,1,4
328895,Cecilia Lawless,3.5,69%,43,3.4
2434016,Matthew Velasco,4.3,88%,8,2.9
682826,Edoardo Carta,4.3,100%,6,2.7
2931899,Mayer Juni,5,100%,3,3
1172212,Cole Gilbert,3.8,64%,43,3.7
2703381,Jason Manning,1.8,23%,9,4.3
2810382,Elizabeth Ogata,5,100%,3,1
2976553,John Helmann,5,100%,2,3
2935092,Amparo Necker,5,100%,2,2.5
2973501,Lexi Turner,5,100%,2,2
286790,Linda Rayor,4.1,100%,16,2.5
542452,Art De Gaetano,4.3,100%,11,2.7
2981123,anna evtushenko,1,0%,1,5
2810357,Desiree LeClercq,4.2,80%,5,3.8
2607828,Lewis Freedman,4.5,100%,2,1
2481759,Rowena Lohman,5,100%,7,2.1
2740259,Vince Slaugh,5,100%,4,2.5
2536660,Michelle Kavall,5,100%,3,3.7
2979626,Caitlin Ray,5,100%,1,1
2979337,Lawrence Van de Valk,2,0%,1,3
2917596,Joe McFadden,2,0%,1,1
2636535,Maria Wolfe,3.5,50%,2,3.5
369497,Larry Brown,2.8,47%,28,2.6
2967172,Suzanne Lane,5,100%,1,2
2978625,Kat Roberts,4,100%,1,3
2978626,John Burger,3,100%,1,1
411812,Daniel Schwarz,4.1,67%,16,3.3
2806202,Valerie Reyna,1,0%,2,4
2830948,Valeria Dani,3,50%,2,4
131116,Munther Younes,4.2,100%,17,3.5
1130841,Peng (peter) Liu,3.4,50%,8,2.9
2647300,Christina McDowell,3.3,50%,4,4.3
2659364,Martha Field,3.3,50%,4,4.3
1969581,Christopher Anderson,4.8,100%,2,2.5
2925732,Rachel Riedl,3.7,100%,3,1.7
2241444,Julilly Kohler-Hausmann,5,100%,7,2.7
452251,Lois Pollack,3.1,50%,17,3.2
2019070,Miloje Despic,4.5,100%,8,2.5
1634915,Tim Riley,4.2,100%,5,3
2371500,Chris De Sa,4.3,92%,12,3.3
1926314,Shu-Bing Qian,3,58%,9,3.7
2956170,Nathaniel Vacanti,1,0%,2,4.5
2853101,Cheryl Stanley,4,100%,2,3
2000250,Jamila Michener,4.3,84%,14,3.5
2974329,Shelby Dietz,5,100%,1,3
782831,Bruce Levitt,4.7,100%,9,2.9
1295485,David Ruppert,2.4,0%,6,3.2
714044,Medina Lasansky,2.7,50%,14,4.1
2381794,Jeffrey Rachlinski,4.6,78%,9,3.8
1981434,Jeffrey Perry,3.9,73%,13,2.5
2963334,Denise Osborne,5,100%,2,2
2973570,Heidi Mouillesseaux-Kunzman,3,0%,1,2
2601522,Katya Scheinberg,3.5,50%,10,3.1
2959497,Matt Dallos,3,50%,2,2
313701,Tom Diciccio,4.3,74%,49,2.1
1910410,Arnika Fuhrmann,4.7,100%,3,2.7
2972251,Samuel Wang,5,100%,1,1
731848,Vicki Bogan,2.7,25%,35,3.5
2324838,Jared Maxson,4.9,100%,9,3.1
2432458,Adrienne Bitar,4.3,72%,7,2.4
2971450,Banu Griffin,5,100%,1,1
2779397,James Staap,5,100%,1,4
248142,Jose Martinez,2.9,47%,29,4.2
1145692,Peter Wittich,4.2,72%,9,2.8
1077073,David Juran,3.8,75%,9,3.3
307179,Richard Rand,4.1,75%,24,2.8
1890683,Lang Tong,1.9,0%,7,3.9
1320090,Monica Bevia,4.8,100%,21,2.9
2738024,Heather Kolakowski,4.4,80%,5,2.2
2967573,Chris Roh,5,100%,2,4
2767771,Danielle Eiseman,3,50%,2,4
2225251,David Bonter,5,100%,5,2.2
1315468,Craig Fennie,2.8,67%,12,3.5
2729667,John Losey,3.5,50%,2,2
187564,Shalom Shoer,4.8,100%,45,2.6
1871347,Chrissy Lau,4.3,0%,5,2.6
1461063,Philip Lorenz,3.9,80%,17,2.5
1485138,Francis Vanek,3.9,100%,8,2
2205587,Denise Green,3.2,60%,5,2.2
2411885,Frances Kozen,5,100%,1,2
352119,Zulma Iguina,4.7,100%,16,3.4
1997297,Nathan Bulthuis,4.5,100%,7,3.1
2961059,Quinn Kolar,5,100%,1,1
270810,Gordon Stacey,3.8,67%,14,3.6
2697957,Peter McIntyre,1.2,12%,9,2.7
2298621,Siddhartha Banerjee,1.5,17%,6,4.2
2831270,Suyoung Son,3.3,50%,4,3.3
1105962,Nancy Pollak,4.2,72%,20,2.1
685439,Anindita Banerjee,4,84%,15,2.7
2661873,Jillian Goldfarb,1.2,10%,11,4.7
1826114,TJ Hinrichs,3.9,50%,10,3.3
2592321,Eshan Chattopadhyay,4.9,100%,7,2.7
218799,Anthony Reeves,2.8,50%,13,3.1
766959,Hsiao-Dong Chiang,4.3,50%,8,3.4
2763534,Qi Li,4.5,100%,4,2.8
2403811,Shorna Allred,4,100%,1,4
1622260,Ailong Ke,2.1,0%,4,4.3
253989,Jonathan Kirshner,3.4,40%,36,3.6
2061847,Nicolas van de Walle,3.4,69%,24,2.9
270940,Mary Katzenstein,4.3,100%,18,3.4
277351,Dorit Abusch,2.4,34%,13,3.2
2834833,Irina Troconis,5,100%,7,3
2596079,Marie Ozanne,3.8,84%,6,3.2
2373354,Marie Chazal,2.4,34%,9,4
1246816,Ronald Dinapoli,3.4,40%,7,2
2798130,Daryl Spurlock,5,100%,7,3
2343388,Christina Delimitrou,5,100%,40,3.5
1876171,Marie-Claire Vallois,3.5,67%,4,2.8
852473,Charles Brainerd,2.5,80%,9,3.6
2660814,Chris Loss,3.5,67%,6,2
2478143,Lauren Chambliss,3.6,56%,9,2.8
2952841,Sudip Thakor,5,100%,1,2
1030046,Stephanie Divo,4.6,84%,22,3.4
1331911,Ivan Bazarov,2.9,43%,12,4.3
2657247,Giulia Friso,4.5,100%,2,3.5
2251416,Andreea Mascan,5,100%,1,3
1705623,Thomas Hirschl,1.7,0%,3,2.3
2018702,Nick Admussen,4.8,100%,10,2.4
2223636,Nelson Tebbe,4,67%,3,3
384043,Ed Baptist,3.7,34%,20,3.4
2660726,Jason Archbold,2,34%,3,3.3
2830979,Daniella Reis,5,100%,1,2
2360280,John Barwick,3.5,67%,6,4.3
2946830,Juliana Pegues,5,100%,1,2
2946532,Jiachen Wang,5,100%,7,1.6
1708584,Andre Leclair,3.3,23%,38,2.9
154695,Bart Selman,2.3,20%,19,2.6
2438983,Klim Kavall,5,100%,8,2.9
2491555,Julia Markovits,3.9,72%,7,2.6
1625067,Allen Knutson,3,54%,24,4
2933252,Wendong Zhang,3,50%,2,4
2813903,Alexandra Silva,2.3,40%,15,4.1
1303408,Daniel Lebret,4.3,89%,11,3.8
2701079,Neil Mattson,5,100%,1,3
2607845,Laurie Drinkwater,1,0%,1,2
2941162,Soojin Lee,1,0%,1,3
145362,Roger Gilbert,3.8,89%,13,2.4
2897441,Nora Owen,4,100%,1,2
1979514,Robert Kwortnik,2.6,34%,22,3.2
182101,Gary Thompson,2.1,18%,19,4
272077,Anna Scaglione,2.6,0%,12,3
1987323,Marcelo Aguiar,4.7,91%,13,3
195444,Nancy Chau,4,100%,17,3.1
153936,Dexter Kozen,4.2,82%,31,3.5
2630481,Francesca Parise,3.7,67%,3,3.7
2326475,Adam Walden,1.4,10%,10,3.4
2817640,Piyawat Louilarpprasert,5,100%,1,2
2417912,James Booth,3.3,25%,4,3.5
1788633,Tim Huffaker,3.4,65%,36,3.8
1291046,Yuval Grossman,4.2,100%,8,2.5
9722,Antje Baeumner,2.8,0%,27,3.5
552375,Sara Warner,4.7,67%,12,3.3
2384073,Sasa Zivkovic,2.6,40%,5,3.8
2592304,Theo Black,5,100%,4,2.5
2555662,Craig Frey,4.7,100%,3,1.3
2458063,Andrew Quagliata,2.2,34%,6,4
2412701,John Castella,5,100%,3,3.3
1491007,Jonathan Monroe,4.3,75%,11,3.3
1184943,Ruth Richardson,4.3,100%,12,2.6
2703011,Brian Richards,5,100%,2,1
2248407,Matthew Reid,5,100%,2,2
2599337,April Gu,5,100%,1,3
2831022,Hadas Kress-Gazit,1,0%,3,4.7
261710,David Gries,3.1,68%,129,3.2
474293,Connie Yuan,1.6,0%,11,3.8
2614705,Nate Veldt,5,100%,4,3
1882440,Taryn Bauerle,3.9,70%,14,3.4
2751328,Juan Escalona Torres,5,100%,5,3.4
2333410,Susan Quirk,2.8,20%,5,3.4
2222043,Sarah Giroux,5,100%,9,2.4
2923052,Cameron Mozafari,5,100%,2,2
1629465,Johannes Wissel,1.5,0%,2,5
2473633,Lawrence Glickman,4.4,80%,10,3
2137842,Michael Chen,4.6,88%,9,1.8
2923277,Armands Revelins,3,100%,1,2
2698367,Suzanne Shu,3.7,56%,9,3.2
657485,George Chigas,5,100%,4,2
2910355,Isabel Calderón Reyes,1,0%,2,4
144070,Ross MacIntyre,2.9,50%,23,4.1
1805792,Elisha Cohn,4.1,100%,7,2.7
2697717,Mathieu Dumouchel,3,75%,4,2.3
2482252,Sebastian Junge,2,50%,2,3.5
628774,Joe Regenstein,1.3,0%,12,2.1
609742,Kate Bronfenbrenner,3.4,86%,19,3.4
2603859,Sofia Villenas,4.3,75%,4,2.8
391602,Dan Barbasch,2.4,14%,29,3.6
454374,Hayden Pelliccia,4.4,100%,9,4.2
2670404,Dina Bishara,4,75%,4,2
1327333,Peng Chen,2.7,17%,17,3.7
1704512,Christopher Fromme,4.3,86%,9,3.1
2796807,William Clark,1.5,0%,2,5
2707802,Quincy Loney,2,50%,2,4
2825972,Randall Kane,5,100%,1,3
1344419,Thomas Pepinsky,4.8,100%,12,3.3
858267,Mats Rooth,2.1,0%,5,3
2848399,Erik Born,5,100%,2,2.5
781825,Tim Healey,4.7,100%,24,2.9
2627222,Jomarie Alano,5,100%,2,3
316737,Bruce Tracey,4.8,100%,12,2.3
134482,Shane Henderson,4.1,86%,27,3.4
1074260,Kate Griffith,4.6,90%,26,3.3
2914161,Isabel Perera,4,100%,2,3
1446118,Marla Lujan,4.5,100%,10,2.8
2772090,John Hoddinott,4.8,100%,4,3
2862570,Kathryn Caldwell,5,100%,4,1.8
2911953,Laura Bellows,4,100%,2,2
2882796,Charnan Williams,1.5,50%,2,2.5
133995,Ken Hover,4.7,100%,27,2.9
2914085,Abigail Crites,4.3,34%,3,1
2492007,Stephen Jesch,4.9,100%,7,2.9
191712,Martha Haynes,4.2,100%,17,3
412106,Joseph Halpern,4.2,100%,22,3.8
2527103,Natasha Raheja,2.2,17%,6,3.3
1582068,Peter Frazier,4.3,100%,12,2.3
2861437,Chao Yu,1,0%,4,3
2885475,Tristan Ivory,2.2,12%,9,3
2348727,Brenda Dietrich,2.9,54%,15,3.9
2119129,David Mimno,4,80%,6,3.5
2761225,Marc Kohlbry,4,75%,4,3.8
2589382,Matthew Paskell,4.3,100%,3,2.7
2903428,Chase Mayers,5,100%,1,2
2047193,Lisa Kaltenegger,4.6,94%,49,2.5
2694792,Abdel-Fattah Shahda,2,0%,1,4
1322643,Michael Scanlon,4.1,100%,11,2.9
2561694,Sarah Kreps,3.6,50%,8,3
2729668,Caroline Levine,3.5,50%,2,2
2723163,Emily La,5,100%,2,3
2913333,Milena Djourelova,4,100%,1,1
2913147,Carlyn Buckler,4,100%,1,2
454422,Fred Ahl,4.4,100%,27,3.7
2126546,Olufemi Taiwo,3,50%,2,3.5
134355,Daniel Boucher,3.3,45%,63,3.1
36445,Barry Strauss,4.6,86%,32,3
1827456,Austin Bunn,3.8,75%,6,2.7
2757872,Todd Gerarden,3.5,50%,2,3
2912725,Maxence Valentin,5,100%,1,1
602819,Robin McNeal,4.3,75%,29,1.8
2290792,Nate Foster,4.5,90%,20,3.7
2882750,Alex Esposito,5,100%,2,1
2875739,Yves Boisclair,1,0%,1,4
2255557,Rebekah Ciribassi,2,0%,1,3
2652172,Diane Bailey,3.3,50%,4,3
2596084,Yifei Mao,2.5,0%,2,3.5
2910505,Rebecca Barthelmie,2,0%,1,2
197121,Kim Haines-Eitzen,4.6,100%,22,2.6
1020320,Tomas Bevia,4.6,78%,21,3.7
278200,George Hay,4.2,84%,22,3.1
2666869,Marquise Riley,4.8,92%,12,2.9
2710393,Alice Rhee,4.8,100%,5,2
2763541,Ricardo Daziano,3.5,50%,2,4
98766,Tim Fahey,3.6,100%,40,2.2
2906183,Young-Hoon Park,1,0%,1,5
2906358,Xiaozhong Sun,5,100%,1,4
1727421,Jane Mendle,5,100%,2,2.5
129807,Christina Homrighouse,4.7,87%,47,2
2829823,Zakhary Mallett,2.3,34%,3,5
1895455,Matthew Hare,4,100%,6,2.7
2284945,Ari Juels,3,50%,2,3
1063401,Gideon Saar,2.2,0%,5,3.2
351709,Fred Schneider,2.6,13%,19,3.5
2818294,Xiangtao Xu,3.3,72%,7,2.9
2400601,Annie Lewandowski,4.7,100%,3,2.7
2842642,Raunak Sen,4,100%,1,3
43984,Steve Jackson,3.4,100%,20,2.6
2708285,Brenda Schertz,4.5,100%,2,2.5
2897686,Aaron Childree,4,100%,1,3
2897693,Lindsay Glasner,5,100%,1,1
2897672,Karen Lagasee,3,0%,1,1
2838088,Peiying Zhu,3,100%,1,4
2696791,Elizabeth Berliner,1,0%,1,3
1698561,John Haggerty,4.6,100%,5,3.2
2841919,Valerie Bambha,5,100%,2,1
2154171,Jesse Goldberg,5,100%,4,3
2358228,Andrea Won,3.8,67%,6,2.8
2480756,Nataliia Goncharuk,2.3,34%,3,4.3
2889408,Alexandra Cirone,5,100%,1,4
195469,Ralph Christy,3.9,100%,8,3
1051843,John Hausknecht,3.8,100%,13,2.1
474837,Christopher Ober,2.2,50%,11,2.6
2794457,Tristan Ivory,2.5,0%,2,4.5
1322238,Anthony Ong,4.9,100%,12,3.2
1897125,John Sanderson,4.5,100%,5,2.6
2883920,David Orr,5,100%,1,2
191718,Slava Paperno,4.5,100%,18,3.3
2586005,Adriana Reyes,3.5,50%,2,1.5
2259484,Harold van Es,4.7,100%,3,2.7
1999640,Jim Dai,3.9,67%,7,3
1515254,Susie Ball,5,100%,3,1
2820927,David Goldberg,5,100%,2,3.5
2086331,Newton DeFaria,2.3,34%,6,2.2
2652833,Hom Acharya,3,0%,1,5
2337692,Tommaso Denti,2.9,43%,7,3.7
2878542,Micah Chen,5,100%,2,3.5
2878646,Eugene Won,5,100%,1,3
460231,Jack Elliott,3.9,67%,20,3.6
2877691,Sirithorn Siriwan,5,100%,1,2
2667272,Fatma Baytar,4,100%,2,2.5
2660643,Mridusmita Saikia,3.6,63%,8,3.1
653161,Loren Tauer,4,89%,13,3.5
2658712,Margaret Frank,4.3,75%,4,2.1
1240155,Fangfang LI,4.6,100%,4,2.8
484509,Anna Paparcone,4.4,100%,10,2.1
132540,Jean Hunter,2,30%,28,3.9
2164970,Mark Campbell,5,100%,2,3.5
2775317,Jonathan Lunine,2,0%,1,2
135315,Mark Wysocki,4.2,100%,38,3.1
2826887,Gianluca Pulsoni,5,100%,4,3
2806201,Yarden Kedar,3.5,100%,2,2
2373938,Karin Sternberg,2.9,34%,9,2.2
2312627,Francesco Monticone,5,100%,27,3.3
1942355,John Greenlee,4.8,100%,3,3
2209130,Rachit Agarwal,3.3,58%,26,3.6
2154777,Alexander Hayes,4.3,67%,3,2
191849,Geoff Coates,4.4,100%,43,3.3
2170050,Claire Ménard,4.7,100%,12,3.3
1825700,Carl Poitras,4.4,88%,42,3.4
990012,Tony Simons,2.4,34%,17,3.5
1946753,Jonathan Boyarin,3.2,50%,3,1.7
2806240,Jennifer Begakis,5,100%,3,1.7
2592306,Carolyn Goelzer,5,100%,2,2
2660982,Pauline Leung,2.5,50%,2,4
2870031,Andrew Merritt,4,100%,1,4
280395,Rick Hurd,4.6,100%,9,2.1
448664,Lawrence Gibbons,2.1,100%,45,3.6
2680410,Linda Shi,2,0%,1,5
2152010,Julia Chang,5,100%,2,1.5
2432925,Susan Riha,3,0%,1,4
2867932,Andrew McDonald,4,100%,1,2
594443,Clifford Pollock,4.5,100%,14,3.1
2866261,Dominic Diaz,5,100%,1,3
2866540,Amy Frith,1,0%,1,1
2651034,Yunhao Zhang,5,100%,18,3.4
2565568,Mahdi Esmaily Moghadam,3.7,67%,6,3.7
2310197,Benjamin Cosgrove,5,100%,2,3.5
202198,Warren Allmon,4.4,100%,17,3.1
654959,Linda Canina,4.1,80%,16,3.7
2603835,Christopher Byrne,4.3,75%,4,2.8
2527976,Paulo Lorca,4.5,100%,2,3.5
2493926,Andrew Whitmore,3.3,70%,13,3.8
2171095,David Zywina,4.7,100%,12,2.8
207928,Dwight Bowman,4.2,50%,22,3.1
272878,Tomas Arias,4.4,94%,53,3.5
132111,Bruce Kusse,4.2,0%,29,3.9
2330562,Qing Zhao,5,100%,2,3.5
2651967,Nafissa Thompson-Spires,5,100%,1,3
2775732,David Bindel,5,100%,1,4
2276631,Valentina Fulginiti,4.8,100%,6,2.3
2802988,Aibak Hafeez,5,100%,2,2
2855436,Joanna Fiddler,5,100%,1,4
346768,Marty Wells,3.2,50%,12,3.3
2736887,Xin Zhou,4,67%,3,2.3
2854603,Arc Kocurek,5,100%,1,3
1090451,Matthias Liepe,4.3,100%,22,3.4
2045431,Elke Siegel,4.8,100%,4,1.5
113675,Thomas Fox,4.4,100%,46,3.5
154496,Michael Goldberg,2.3,50%,25,4.2
2244690,Brett Fors,4.7,93%,14,3.6
740761,Anette Schwarz,4.8,100%,11,2.5
492112,Allen MacNeill,4.3,100%,10,1.5
1839685,Happiness Bulugu,4.9,100%,5,1.6
1137104,Leslie Adelson,4.8,100%,4,3
2853175,Lina Arcila Hernandez,4,100%,1,2
2852899,Jaeun Lim,5,100%,1,3
2337183,Dehanza Rogers,3,0%,1,3
2698369,Daniela Scur,4.7,100%,3,3
100797,Jim Blankenship,4.1,43%,44,3.6
1303857,John Schimenti,3.8,50%,6,4
2790790,John Carruthers,3,50%,2,2
1005365,David Hammer,4.6,67%,7,3.4
2846681,Alexandra Dufresne,5,100%,1,3
1084209,Ernesto Quinonez,4.2,100%,7,1.6
2790865,Helena Aparicio,4,100%,1,2
2790859,Kaori Nishikino,5,100%,1,2
2790858,Sahoko Ichikawa,5,100%,1,2
2338017,Riché Richardson,4.7,100%,3,2.7
2457365,Xiadong Cao,5,100%,1,5
536029,Brian Kirby,4.2,80%,10,3.2
1247898,Jolene Rickard,3.2,29%,13,2.8
2595758,Astrid Van Oyen,5,100%,7,2
2839911,Courtney Raisin,5,100%,1,2
1723358,Christopher Hernandez,2.5,100%,9,4.1
182251,James Shealy,3.5,75%,23,4.3
2404587,Ruben Alcolea,3,100%,1,4
2416548,Geoffrey Fisher,5,100%,1,1
2381738,Oskar Liivak,3.3,50%,4,3
2835302,Yessica Martinez,5,100%,1,3
272018,Alan Giambattista,3.9,89%,24,3.5
1919614,François Guimbretière,2,17%,7,3.4
1794256,Troy Richardson,2.7,67%,6,3.3
2288942,Traci Nathans-Kelly,1.3,0%,3,1
650287,Lisa Wickham,3.2,43%,20,3.6
2735928,Yue Du,4.7,100%,3,2.7
2817071,Patrick Gibney,5,100%,1,3
145720,Han Cho,4.2,60%,20,3.7
1179799,Carol Krumhansl,2.7,50%,7,2.6
2816882,Thomas Coe,5,100%,1,1
154042,Peter Wolczanski,1.7,15%,72,4.5
2416663,Geoffrey Fisher,1.5,0%,2,1.5
250110,Thomas Hirschl,3,58%,35,1.8
2809399,Aditya Manthri,5,100%,5,3.6
2093094,John McKinley,4.8,100%,6,3
2219450,Jodi Cohen,3.5,60%,10,2.8
344028,Alexander Vladimirsky,3.6,100%,18,3.9
2733249,Marty Sherman,1,0%,1,3
388453,Beth Milles,3.9,0%,6,3
1324106,Kent Kleinman,3,0%,2,1.5
2460841,Ethan Cohen,5,100%,1,3
132604,Bruce Land,4.4,100%,24,3.2
2437845,Andrea Bachner,3,50%,4,2.8
2364512,Laura Brown,5,100%,4,2.5
1511131,Charles Whitehead,4.3,60%,9,4
2727307,Ewan Robinson,2,0%,2,4.5
1191142,Anke Wessels,4.1,100%,5,2
2703455,Atieh Moridi,1,0%,2,3.5
2808719,Andrew Wang,5,100%,2,4
2701193,Nicholas Taylor,5,100%,3,2.7
2682141,Guy Hoffman,1,0%,1,2
2806377,Oluwamayowa Willoughby,1,0%,1,5
2329269,Song Lin,4.4,84%,12,3.7
2806241,Zoe Weiss,1,0%,1,4
2806506,Brooks Crickard,5,100%,1,2
2443500,Daniel Halpern-Leistner,3.7,72%,7,4
2807163,Reginald Odato,1,0%,1,5
1757093,Louis Hyman,2.8,25%,18,3.3
2035548,Annette Richards,5,100%,5,2
2781521,Virginia Moore,2,34%,3,3.7
2589387,Nerissa Russell,4,100%,2,2
2699930,Nora Siena,5,100%,2,3
2783476,Hannah Hughes,5,100%,1,1
210623,Ted O'Donoghue,4.6,90%,28,3.3
560507,Shankar Sen,2.6,50%,25,3.2
296093,Richard Booth,2.9,15%,19,3.9
720985,Dan Luo,4.6,100%,6,2.5
2730585,Julia Karczewski,1.2,0%,5,4.8
2697956,Ivan Rudik,4,100%,1,2
2772419,Kimoi Kemboi,3,0%,1,3
1382547,David Smith,4.6,100%,15,3.1
1559098,Joerg Stoye,4.2,100%,9,3.6
2662892,Parnia Haj-Mohamadi,4.7,86%,7,3
270549,Bruce Johnson,5,100%,7,2.4
2781042,Katherine Tschida,4.5,100%,2,2
2138737,Pamela Moulton,4.6,100%,11,3.5
2482448,Patchen Markell,2.1,23%,9,4.3
2241233,Wally Boudry,2.7,34%,3,3
2660732,Emilio Ocampo Eibenschutz,4,50%,2,4
2492721,Heather Huson,3.8,80%,5,3.2
437738,Roberto Bertoia,3.5,67%,13,3.3
1290176,Sandra Greene,3.4,40%,10,3.2
2700057,Nidaa Aboulhosn,4,100%,1,3
1629171,Jan Katz,2.4,34%,7,3.1
2522079,Sara Pryor,5,100%,3,4
2709375,Stephen Vider,5,100%,2,2.5
2185757,Paul Davis,4.3,91%,22,2.3
2799204,Matthew Durham,1,0%,1,4
2581012,Marten van Schijndel,3.6,60%,5,4.2
316681,Sharon Tennyson,3.6,75%,13,2.2
2493921,Blake Nguyen,5,100%,5,2.4
383442,Georg Hoffstaetter,2.8,50%,12,4
2449773,Vida Maralani,4.3,67%,3,4
1291154,Christopher Miller,3.6,34%,7,2.7
2599865,Aziz Rana,5,100%,3,2.7
1742591,Joanie MacKowski,3.9,50%,8,2.3
2747472,James Belk,5,100%,4,3.5
828044,Suman Seth,4.7,67%,14,3.7
1143735,Mildred Warner,2.6,34%,10,3.7
1398171,Robert Kleinberg,4.8,89%,13,4.1
2005160,Chris Huckfeldt,2.6,32%,21,3.9
2599202,Alice Lee,5,100%,4,1.5
2126216,Rebecca Slayton,4.8,100%,4,2.5
2667971,Eleanor Andrews,3.7,67%,3,3.3
2079581,Karen Jaime,4.5,100%,2,2
2770742,Gerard Aching,4,34%,3,3
2670428,James Hyde,3.7,67%,3,3.3
272012,Gennady Samorodnitsky,3.3,40%,30,3.5
847284,Poppy McLeod,3.3,75%,24,3.3
1911683,Kate Manne,4.8,100%,5,2.8
804700,Rick Evans,2.3,0%,11,2.2
1037773,Karen Bennett,4.6,100%,19,2.8
284612,Eva Tardos,3.6,50%,12,3
2146967,Byoung Hwang,5,100%,8,2.5
2633963,Karolina Hubner,4.2,60%,5,3.2
2265441,Jonathan McKenzie,2,0%,1,3
460071,Lily Chi,3.4,100%,12,4
2736079,Anastasia McCray,5,100%,3,1.7
265282,John Marohn,2.4,10%,65,3.5
2056788,Catalina Iricinschi,2.8,100%,6,3.5
2516963,Ashley Hand,5,100%,9,2.7
2060610,Abigail Sprenkle,5,100%,1,1
1955706,Jonathan Reinhardt,5,100%,9,3.6
1700389,Courtney Roby,3,34%,5,2.8
2478003,Jayadev Acharya,4.3,75%,4,3.3
1192249,Anurag Agrawal,4.9,100%,11,2.1
2373967,Emily Rials,5,100%,2,3
507157,Mary Kay Redmond,4.4,100%,24,2.7
2377801,John Michael,3.4,50%,8,3.4
2162535,Alexander Livingston,4,63%,8,3.9
2222046,Rebecca Nelson,2,0%,4,3.5
2568077,Nikole Lewis,5,100%,1,4
2773644,Daniel Schade,4,100%,1,2
2754807,Griffin Erich,5,100%,1,1
906861,Lauren Monroe,4.8,100%,10,2
1620806,Louis Derry,4.5,100%,3,3.3
2730742,Andrew Harding,5,100%,1,3
182136,Steven Carvell,4.4,67%,7,2.4
2771291,Jerel Ezell,4,100%,1,3
2708288,Didi Park,4,50%,2,1.5
2503005,Tess Pendergrast,5,100%,8,1.9
195568,Alaka Basu,3.5,43%,12,2.8
521940,Claire Cardie,3.6,75%,12,2.8
2121601,Benjamin Piekut,4.6,50%,4,2.3
2094869,George Frantz,4,80%,5,2.4
2747142,Oona Cullen,5,100%,1,2
2624393,Brock Schmutzler,1.5,7%,15,4.3
2585896,Kim Overby,4.3,100%,3,2.3
1633684,Naomi Larson,5,100%,13,3.2
1524335,Carole Boyce Davies,3.8,100%,4,2.8
2222049,Kathleen Arnink,4.5,100%,2,1.5
2303536,Kacie Armstrong,5,100%,1,3
250501,Lawrence Kahn,2.3,34%,15,3.2
2767156,Karlie Fox Knudtsen,5,100%,1,4
134413,Allen Carlson,4.1,100%,14,2.8
267955,Ron Applegate,4.4,90%,24,2.4
351810,Robert Hutchens,4.6,89%,19,2.6
599013,Stephanie Vaughn,4.1,100%,10,3.5
2341967,Kevin Bloomfield,3.8,75%,4,3
9721,Andrew Ruina,2.9,70%,58,3.6
2422585,Nicolas Bottan,4,100%,2,3.5
387427,Carl Ostendarp,2.8,100%,22,4.2
633702,Steve Wolf,3.2,50%,10,3.1
1272529,Derek Warner,4.1,100%,4,2.3
2472386,Patricia Young,4,100%,3,3
2763532,Lucas Clover Alcolea,3,100%,1,3
757442,Adrian Lewis,4.2,100%,13,3.3
1470173,David Faulkner,3.4,58%,8,3
2625329,Briel Felton,4.8,100%,4,2
1621189,Veronica Martinez-Matsuda,4.4,86%,20,2.7
2652160,Valerie Hans,5,100%,2,3.5
1214298,"Ke ""max"" Zhang",2.7,50%,7,3.6
2061537,Lena Kourkoutis,4.9,100%,7,3.4
171743,Jeevak Parpia,2.5,50%,15,3.7
272261,C. Y. Hui,3.3,100%,34,3.3
1329827,Irena Peeva,4,100%,6,2.5
2649362,Madeleine Udell,1.6,25%,8,4.1
270478,Birgit Speh,2.1,12%,20,3.4
135538,Bill Schulze,3.4,100%,29,1.7
1689439,Kristen Streahle,4.2,50%,26,3.1
2570718,Lillien Ellis,4.9,100%,9,1.9
1042647,Richard Hennig,5,100%,5,2.8
1172098,Leonard Mirin,4.5,100%,3,1.3
2751316,J. Robert Lennon,5,100%,1,2
1351308,Eun-Ah Kim,3.6,100%,7,3.4
2749423,Ekaterina Pirozhenko,4.5,100%,2,3
2748807,Michael Huyghue,5,100%,1,4
1921867,Bradford Wellstead,1.8,15%,11,3.7
2747143,Andrew Ahn,4,100%,1,3
2537060,Annie Sheng,5,100%,1,3
1043721,Tom Evans,3.9,67%,31,3.4
2745692,Cheng Zhang,1,0%,1,5
270426,Jeff Hancock,4.5,100%,31,2.7
131153,Marilyn Migiel,4.3,34%,12,2.8
2735032,Olivia Evans,5,100%,1,1
2670259,Nozomi Ando,5,100%,1,3
1548117,Stephanie Owens,3,50%,10,3.5
782456,"Christopher ""Kit"" Umbach",3.1,34%,11,3.3
1200506,Michael Thompson,4.5,100%,10,3.7
1862981,Abraham Stroock,3.2,34%,5,3
2455651,Alexander Ophir,4.5,100%,2,2.5
2738484,Philipp Kircher,4,100%,1,3
1570051,Chris Andronicos,3.8,100%,4,4
2326373,Kathryn Caggiano,3.7,67%,3,4
2288724,Lori Khatchadourian,5,100%,1,3
2443485,Rachana Kamtekar,3,40%,5,3.4
591203,Ulrich Wiesner,2.5,34%,7,3.4
1972906,Jonathan Ochshorn,5,100%,1,2
2373067,Ifeoma Ajunwa,4.6,100%,8,3.1
2731082,Jasmine Reid,5,100%,1,3
2537320,Benjamin Anderson,5,100%,1,3
2729051,Benjamin Yost,5,100%,1,3
464243,Paul Strebel,4.3,100%,21,1.8
1536129,Douglas Ross,4.3,75%,8,3.6
144988,Richard Polenberg,4.4,100%,27,2.4
2072497,Christopher Berardino,4.6,89%,10,2.7
725051,Tove Hammer,3,50%,7,3.6
1241890,Stephen Mutkoski,3.3,0%,6,3.2
362614,Carl Batt,2.6,67%,6,2.7
2012776,Scott Stewart,5,100%,4,4
2470290,Marie Langlois,4.5,87%,15,3.7
2490658,Bilal Al-Omar,5,100%,6,3
817971,Petrus Liu,4.4,100%,12,3.1
803740,Renate Ferro,1.5,34%,10,2
1865838,Clinton Conley,4.1,100%,4,4
521590,Lauren Alleyne,3.1,100%,4,3.3
1889429,David Kornreich,3.4,67%,8,3.9
1954255,Robert Shepherd,4.7,100%,5,2.6
1631196,Ian Hewson,3.7,50%,5,2.2
195462,David Lee,3.4,42%,30,3.2
2336440,Phillip Nicholson,4.3,100%,3,3.7
534201,Laura Harrington,3.8,100%,9,2.7
1926316,Zhenglong Gu,3.9,100%,7,1.9
2654364,Nick Nickitas,3,50%,2,1
2654551,Cynthia Robinson,3.5,100%,2,3
2623072,Isabel Choinowski,5,100%,1,2
185783,Mabel Berezin,3.2,0%,21,2.4
1626896,Roger Moseley,4.7,100%,7,2.9
1632805,Alexander Colvin,4.8,100%,4,2.5
2703373,Austin Benson,5,100%,1,4
2703304,Antonio Pugliese,3,0%,1,4
1829783,Corey Ryan Earle,4.7,100%,3,1.3
2703094,Patti Mandel,5,100%,1,1
2702474,Elizabeth Lombardi,2,0%,1,5
2531299,Elena Belavina,2.7,43%,7,2.9
1998135,Kathleen Rasmussen,3.5,50%,2,3
1634965,Marvin Pritts,5,100%,4,1.3
1975309,Sue Fussell,3,50%,2,3.5
1382550,Judith Byfield,2.5,0%,7,3.3
2644294,Joe Zappa,2,34%,3,4.7
2658387,Andy Borum,5,100%,2,3.5
932507,Garrick Blalock,3.9,100%,16,2
1208895,Christine Leuenberger-Pinch,3.1,100%,10,2.1
2294646,Lucia Munguia,4.8,100%,8,3.6
2650203,Natalie Nesvaderani,5,100%,3,2.7
2684204,Kevin Quin,5,100%,1,3
410780,Dorothy Debbie,4,100%,4,3
1997075,Richard Bensel,4.2,50%,8,2.5
165842,Neil Saccamano,4.5,100%,13,3.4
2585993,Adam Smith,3.7,67%,3,3
1999633,Anna Haskins,4.3,74%,23,2
2351278,Jason Newton,3,34%,12,3.1
284247,John Cawley,4.3,100%,18,2.5
2607857,Sophia Veltfort,5,100%,3,2.7
2354261,Christopher Boone,4.5,88%,8,3
2688817,Sofia Léonard,5,100%,1,2
2233171,Brooke Duffy,4.3,75%,4,2.3
1138923,Frank Wise,4.4,100%,10,4
2508691,Michael Bryant,4.5,100%,2,3
1758378,Nolan Kopkin,1,0%,1,5
476070,Robert Thorne,3.6,20%,26,3.4
1987186,Park Doing,2.6,20%,8,2.8
2681047,Alice Turski,1,0%,1,3
809592,Tadhg Begley,3.3,0%,8,4
1914359,Travis Duprey,5,100%,2,1.5
529941,Marianella Casasola,4.3,80%,14,3.1
2669962,Matt Marx,5,100%,1,3
135820,Alex Susskind,3.6,50%,23,3.6
2673960,Amy Krosch,5,100%,1,2
2673474,Chekesha Watson,1,0%,1,3
1872046,Lucinda Ramberg,3.7,50%,6,3.2
2372167,Félix Rosario Ortiz,5,100%,3,3.3
2670657,Kyuha Cho,4,100%,2,3.5
1533591,Jane Walcott,4.9,100%,5,1.8
202263,David Levitsky,3.9,57%,99,2.6
2663821,Brittany Bond,5,100%,2,2.5
2621276,Mariangela Jordan,5,100%,1,3
718731,Amy Newman,2.9,0%,8,3.5
2093801,Ishion Hutchinson,3.5,50%,3,1.7
1433529,Tamar Kushnir,4,80%,25,2.5
1984145,Dmitry Savransky,3.3,100%,5,4.4
2667265,Kunyuan Qiao,4,100%,1,2
2667267,Huiju Park,4,100%,1,2
1242827,Sahara Byrne,4.9,100%,18,2.1
726776,Arthur Falkson,4.5,100%,6,1
2435205,Amy Williams,5,100%,3,3.7
2014247,Sturt Manning,3.5,50%,2,1.5
2664871,Hema Surendranathan,5,100%,1,2
160892,Yongmiao Hong,3.1,50%,34,3
2525823,Pablo Garcia Pinar,4.3,75%,4,4
2216913,Sergio Garcia-Rios,4,70%,10,3
1629857,Saida Hodzic,3.6,100%,7,3
1841298,Robert Constable,1.2,0%,6,3.7
2607827,Caleb Vogt,4.5,100%,2,2.5
2411409,Laura Barre,3.8,50%,4,4
2662376,Marco Battaglini,4,100%,1,3
1806249,Meredith Silberstein,1.8,15%,19,4
2201205,Matthew Hall,4.7,100%,10,2.5
1106585,Sara Pritchard,3.5,67%,7,3.1
2142835,Christine Goodale,4.3,100%,4,1.8
2607824,James Shapleigh,3.5,100%,2,3.5
2659609,Felix Thoemmes,1,0%,1,5
600641,Francisco Valero Cuevas,2.3,50%,3,1.3
2658356,Zifeng Liu,2,0%,1,4
2651835,Libby Southgate,4,0%,1,3
2657606,Kelly Hoffer,5,100%,1,3
359797,Ronald Harris-Warrick,4.3,100%,16,4
1919376,Ryan Nehring,5,100%,2,2
384443,Greg Page,3.9,100%,8,2.9
1810447,Siu-Hung (Richard) Ng,1.3,0%,4,4.5
2655435,Julianne Hunter,5,100%,1,3
2323741,Mukoma Ngugi,5,100%,1,4
2653680,Anum Asi,5,100%,1,3
2168708,Michael George,2.7,45%,38,3.7
526663,Martin Kassabov,2.5,72%,14,4.5
1845231,Hae Chun,4,100%,1,2
16702,Sue Merkel,2.3,0%,15,3.6
2146283,Joseph Grasso,3.7,100%,3,3.3
2649638,Michelle Smith,5,100%,1,3
2496619,Alice Mercier,5,100%,3,2
1983523,Daniel Barbash,3.1,58%,9,4.6
179459,Hector Abruna,2.1,6%,35,4
2583922,Noliwe Rooks,1,0%,1,2
2643567,Keith Taylor,5,100%,1,4
2482662,Shanjun Li,4.2,80%,5,1.8
1877447,Thomas Golden,4.3,78%,19,2.7
64520,Donald Greenberg,3.6,100%,11,3.5
2386902,Dylan Bugden,1.7,0%,3,4
1319350,Karim-Aly Kassam,3.8,73%,19,2.9
180477,Robert Frank,3.9,100%,28,2.5
620736,Alan Zehnder,4.1,75%,10,2.6
235224,Ronald Ehrenberg,4.2,100%,25,2.3
1275619,Erin Taylor,3,0%,17,3
2082094,Elaine Shi,3.2,100%,3,3.3
2201815,Kristen Angierski,4.5,67%,6,2.7
138544,Alfred Center,3.1,100%,9,3.9
288466,Yong Joo,2.3,0%,6,3.2
221173,Paul Sawyer,3.8,100%,12,2.4
1889763,Kevin Attell,3.7,67%,4,2.5
174481,Thomas Hill,4,67%,19,1.9
2610321,Alexander Grant,4,100%,1,2
478261,Stephen Wicker,4.5,100%,14,1.8
1192015,K Klosin,4.7,100%,3,2
2607823,Diane Beckwith,5,100%,1,3
2607819,Jonathan Warner,4,100%,1,3
2557488,Christine Bacareza Balance,5,100%,1,3
240122,Bill Sonnenstuhl,4.3,100%,9,1.6
1314223,"Gookwon ""Edward"" Suh",3,43%,14,3.4
161837,Daniel Gold,3.1,50%,7,1.7
2382735,June Nasrallah,4,50%,2,4
270797,Terry Herter,4.4,100%,22,1.7
213842,Peter Dear,3.6,50%,21,3.3
2496501,Scott Yonker,3,0%,1,3
132224,David Zax,1.8,34%,92,3.8
2602775,Matthew McGranaghan,1,0%,1,3
182113,Stephani Robson,4.2,75%,20,3.7
1730055,Volker Vogt,3.8,100%,5,4.4
2601781,Iftikhar Dadi,5,100%,1,3
2471497,Steve Bennoun,1,0%,7,4.6
959678,Thomas Gilovich,3.5,100%,8,3.4
2406590,Jim West,1.3,34%,3,2
325488,Robert Strichartz,2.2,50%,18,3.2
1752891,Andrew Hicks,2.3,25%,4,3
2596189,William McGill,5,100%,1,2
182096,Reneta McCarthy,3.1,58%,42,2.6
1348749,Anthony Burrow,4.6,80%,11,2.4
1384929,Marie Caudill,4.7,100%,10,3.4
1133949,Brad Anton,4,0%,6,4
2590525,Paul Curtis,2,0%,1,3
323349,Mukul Majumdar,2.5,0%,19,3.3
2576930,Steven Alvarado,2,0%,1,3
1788634,Maria Garcia,2.5,45%,14,3.8
2583076,James Antaki,2,0%,1,3
2317229,Mert Sabuncu,4,100%,2,2.5
2090775,Yuna Won,3.8,100%,2,3.5
2505500,jordan musser,1,0%,1,3
272143,Monroe Weber-Shirk,4.8,100%,19,2.5
1629987,Anthony Bretscher,4.1,100%,15,3.1
2288285,James Sinclair,4.7,86%,7,3.9
2050004,Max McComb,3,0%,3,3.3
518980,Phoebe Sengers,4,75%,9,2.4
1793556,Donna Muscarella,4.4,100%,6,2
1743076,Adam Levine,4.8,100%,15,2.6
824111,Cary Howie,4.8,100%,8,2.7
2327792,Hannah Keese,4,50%,2,3
2369971,Aaron Rock-Singer,4.3,67%,3,4
952516,Matthew Delisa,4.2,50%,5,3.4
483229,Csaba Csaki,4.3,50%,7,3.1
1997355,Nandini Ananth,4.4,100%,9,4.2
2200221,Elizabeth Goold,4.3,100%,3,2.7
2469827,Yudong Chen,3.5,100%,2,2.5
489024,John Little,3.3,29%,40,2.6
951234,Jeffrey Zorn,4.5,100%,6,3.2
1780953,Marjorie Wood,3.8,100%,12,2.5
2432212,Yiwei Li,4,100%,1,2
1027213,Linda Gasser,1.5,8%,15,3.8
28520,Gerald Feigenson,4.6,63%,40,3.1
2145754,Sol Gruner,5,100%,3,3
2364846,Bryan Duff,1,0%,3,3.7
1726852,Olivier Desjardins,4.3,100%,2,3
2557484,Lee Humphreys,5,100%,1,3
898734,Jack Corgel,3.5,34%,8,4.1
608931,Elisabeth Meyer,2.4,50%,16,4.1
2100910,Stan Taft,4.8,100%,4,2
2555672,Jaret Vadera,4,100%,1,3
1955275,Elena Belogolovsky,3.5,0%,10,2.1
2493645,Xingen Lei,2.5,50%,2,2.5
2348246,Damek Davis,3.8,67%,6,3
2339149,Emily Fischer,1,0%,2,2.5
813443,Robert Travers,4.4,100%,15,3.2
2515800,Tory Hendry,3,0%,1,5
272118,Frances Yufen Lee Mehta,4.3,50%,25,4.1
413914,Philip McMichael,2.8,34%,11,2.9
1934148,Krishnamurthy Iyer,3,0%,3,2.7
2450455,Annalisa Raymer,2,0%,2,3
1801966,Jeremy Searle,4.7,100%,3,2.3
159311,Kifle Gebremedhin,3.3,34%,17,2.8
2384238,Samson Jardine,5,100%,1,2
1615822,Sarah Murray,4.8,100%,5,2.8
2539135,Pamela Meyerhofer,1,0%,2,3
1176351,Jim Alexander,4.6,100%,11,3.8
2287010,Filiz Garip,3.7,75%,12,2.3
250633,Ramin Zabih,3.5,50%,18,3.1
594557,Stuart Davis,4.2,100%,18,2.7
2467344,Kim Todt,1,0%,2,2
132361,Matt Miller,3,0%,36,4
782452,Anil Netravali,5,100%,3,2.7
2093823,Saurabh Mehta,1,0%,1,5
2402370,Jess Nardulli,4.8,100%,19,2
2523229,Marseille Cardie,5,100%,1,2
182126,Mark McCarthy,4.3,100%,25,3.3
594229,Harry Shaw,3.8,100%,10,2.3
2313965,Ariel Avgar,5,100%,4,2.8
2260857,Mallika Thomas,3.5,50%,4,4
2388591,Ian Merkel,4,80%,5,3.4
16475,Thomas Ruttledge,3.5,44%,145,3.9
52643,Molly Hite,4,100%,8,3.5
2200632,Klas Molde,5,100%,2,1.5
856910,Barbara Correll,3.5,80%,14,3.4
197585,Elizabeth Sanders,2.8,100%,20,3.2
896889,Margaret Washington,3.2,100%,6,4.2
195449,Debra Perosio,2.6,20%,57,2.9
172666,Graeme Bailey,3.8,17%,78,3.8
1097537,Thomas Evans,3.3,0%,6,3.2
739712,Jennifer Schwade,3.5,34%,15,2.5
2501321,Sasha Smith,2,100%,1,4
2500540,Sean Cosgrove,4,100%,1,3
630536,Ron Mize,3.4,0%,9,3
213897,John Weiss,3.6,75%,25,2.1
1695830,Jonathan Tenney,4.6,100%,7,2.1
2495177,Alison Shea,5,100%,1,2
2497845,S Mitchell,5,100%,1,3
498827,Tom Lyons,4.1,67%,19,3.1
2294094,Giles Hooker,3.5,55%,11,4.7
1235031,John Bunge,4.7,100%,8,1.9
64479,Neelam Sethi,2.4,50%,19,3.6
2145795,Estela Bartol Martín,5,100%,3,3.7
2494148,Xiudi Tang,2,0%,1,4
1631207,Jungmin Kim,1,0%,4,4
1801314,Andrew Grimson,4.5,100%,4,3.5
618409,Steven Squyres,4.5,100%,25,2.9
1711583,Liam McAllister,5,100%,7,3.9
2245889,Michael Prior,5,100%,6,3.7
1042119,Michael Thonney,3,100%,2,2.5
131124,Deborah Starr,3.4,50%,6,1.8
2491567,Kyle Harvey,5,100%,1,3
2490240,Patrizia McBride,5,100%,1,3
186100,David Dunning,3.9,80%,46,3.7
1005139,Lynden Archer,3.5,100%,10,3.9
407356,Colette Waldron,4.2,67%,29,2.5
2042821,Hyuncheol Bryant Kim,3.5,34%,9,3
2383656,Randy Worobo,5,100%,1,3
2456133,Daria Bottan,3,50%,2,3.5
2355592,Kadhim Owayez,5,100%,6,3.2
1709978,Claire Lim,4,84%,24,3.1
1850264,Ernesto Bassi,4,100%,4,2.8
776728,Sherene Baugher,4.5,100%,21,3
539606,David Field,4.2,100%,8,3
2478993,Jill Frank,4,100%,1,3
1869708,Eswar Prasad,4.2,100%,3,4
2475824,Shawn McDaniel,5,100%,1,3
1940791,Norman Porticella,2.5,34%,9,2.4
510644,Kerry Cook,3.8,50%,12,3.2
2338460,Kayue Wong,4.3,67%,3,3
1418552,Earl Kirkland,4.3,100%,2,3
268048,John Hopcroft,4.1,60%,26,2.4
2438098,Nicholas Fletcher,3.5,100%,2,2
2459042,Benjamin Harris,5,100%,2,3
2261633,Ludmilla Aristilde,3,75%,4,3.2
2367030,Yimon Aye,1.8,34%,6,4.7
2031651,Christoph Studer,4.8,100%,8,3.6
2462003,Chad Uran,4,100%,1,4
2462000,Dana Bardolph,5,100%,1,3
2437112,Cary Marcous,5,100%,2,2
2410929,Jared Lim,4.8,100%,8,1.7
1320865,Lisa Pincus,3.6,50%,5,2.4
992009,Andrea Hammer,3.1,100%,5,4.4
650289,Chris Xu,4,50%,14,3.9
2248526,Iris Zheng,1,50%,2,4.5
384533,Steven Kyle,4,0%,34,2.3
2040113,Diego Arias-Fuentes,5,100%,8,2.7
1279686,Kathy Selby,4.9,100%,11,2.3
498839,Kathleen Long,4.7,100%,7,1.7
1214084,Gregory Besharov,3.2,80%,39,3.6
2344101,Jennifer Thaler,2.7,34%,3,2.7
489618,Steve Marschner,3.4,67%,9,4.1
2414648,Marysia Jonsson,5,100%,2,2.5
602855,Joe Walther,3.2,0%,5,4
2454864,Brianna Thompson,4,100%,1,4
883523,David Winkler,4.4,100%,9,2.6
2454056,Brian Davis,1,0%,1,4
1627657,Stephen Morreale,5,100%,1,2
193652,James Renegar,3.4,100%,22,3.7
1989775,Stephen Zinder,3.3,0%,2,3.5
766416,Pilar Parra,4.3,67%,11,2
2017564,Yen Vu,5,100%,1,5
2450392,Michael Sparhuber,5,100%,1,3
530590,Sidney Resnick,2,0%,28,4.2
2448379,Jeffrey Scott,5,100%,1,2
1041161,Dawn Schrader,3.1,67%,14,2.7
2351888,James Engstrom,5,100%,1,2
2129837,Katherine Kinzler,5,100%,2,2
2446976,Ao Tang,3,0%,1,4
2446404,Roy Moyal,5,100%,1,2
412038,Werner Goehner,1.9,0%,15,3.7
1795148,Susan Henry,2,100%,2,2.5
2361537,Mona Krewel,4,100%,1,2
132597,Adam Bojanczyk,2.8,50%,22,2.8
2439788,Jennifer Rabedeau,4,100%,1,3
2437238,Adam Venom,5,100%,1,4
153943,Nick Sturgeon,3.6,0%,24,2.8
1727309,Marya Besharov,4.3,100%,6,1.7
2420605,James Westwater,4,100%,1,2
294743,Nava Scharf,4.3,100%,19,2.3
1966246,Hannah Karmin,4.8,100%,6,2.7
2045798,Lena Nguyen,4.6,100%,5,2
2426295,David Kammer,5,100%,1,3
1458622,David Pelletier,2.9,0%,4,3
2016496,Anna Thalacker-Mercer,3.3,0%,2,2.5
2081421,Julia Finkelstein,3.3,0%,2,3
2093472,Naminata Diabate,4.8,100%,3,3.3
1467921,Lyrae Van Clief-Stefanon,4.1,100%,4,3.5
1510019,Alan Nussbaum,4.5,100%,2,2.5
1907632,David Wolfe,2,0%,1,2
389412,James Jenkins,4.4,100%,30,3.2
235330,Shefford Baker,3.6,75%,22,3.9
185782,Richard Swedberg,4.3,100%,19,2.1
165834,Satya Mohanty,2.8,0%,28,3.5
2407673,Janet Hendrickson,5,100%,1,3
274344,Sheila Danko,3.4,0%,15,2.9
216714,Arthur Ovaska,3.8,100%,12,3.2
2346136,Ross Knepper,2,0%,2,4
155619,Tyson Sacco,3.6,100%,26,3.9
2134686,Sean Rogers,4.7,100%,7,1.9
1531030,Jeffery Sobal,3.4,67%,4,2
2400235,Jeremy Baskin,5,100%,1,4
2104096,Dawn Lafferty,4.7,100%,9,2.6
403520,James Webster,3,0%,11,3.1
11369,Jim Shapleigh,3.6,50%,5,2.6
498671,Benjamin Widom,4.7,100%,12,3.4
2355197,Adrienne Johnson,4.5,50%,2,3.5
272353,Russell Lloyd,3.5,17%,19,3.5
560517,Al Schatz,3.6,100%,10,2.2
1461301,Derk Pereboom,4.8,100%,14,2.2
885969,Niko Silins,3.6,100%,9,3.2
426908,Francesca Molinari,4.1,100%,23,3.3
2389418,Melanie Soberon,4,100%,1,2
181787,Edwin Kan,3.9,67%,20,4
306440,Shawkat Toorawa,4.4,100%,15,2.1
2305397,Gennady Shvets,3.5,50%,4,4.3
2164714,Andrew Clark,4,100%,1,5
1579736,Audrey Ukhov,4.4,100%,13,1.8
568267,Zygmunt Haas,3.4,100%,11,3.4
2383768,julia felice,5,100%,1,1
2359364,Jeffrey Mathias,5,100%,2,1
859111,Robert Hockett,4.3,0%,5,2.8
2382315,Stephen Spinelli,5,100%,1,3
1020319,Mike Timmons,4,100%,5,2.2
2349331,Jennifer Agans,1.3,0%,8,3.4
2381736,James Dabney,5,100%,1,4
1027984,Peter Hess,3.4,100%,7,3
949261,William Olbricht,3.5,100%,2,2.5
36455,Michel Louge,2.6,50%,9,3.8
2098137,Francis Vanek,3,100%,1,3
579937,Karl Niklas,4.7,88%,44,2.5
235604,Petru Petrina,3.9,100%,43,2.3
666666,David Feldshuh,5,100%,8,3.7
2000986,Nicolas Ziebarth,4.2,100%,3,2.7
520184,Tatiyana Apanasovich,3.2,50%,11,3.4
935415,John March,2.7,100%,10,3.3
2102857,Florian Frick,5,100%,4,3.5
380206,Jeffrey Rusten,4.3,100%,9,1.8
2363468,Alisa Jimenez,5,100%,2,3.5
2378200,Matthew Ryan,4,100%,1,2
774442,Don Kenkel,2.7,50%,7,3.3
1966807,Karen Pinkus,2.2,0%,4,3.5
2349637,Doug Miller,3,100%,1,4
270609,Michael Heise,4.1,100%,9,3.6
1862219,Jeffrey Bergfalk,4.4,100%,5,2.6
1400990,Aleksandr Mergold,4,100%,2,4.5
185774,Doug Heckathorn,3.8,50%,12,2.6
1347240,Mukund Vengalattore,4.5,75%,12,3.7
2368556,Hoang Vu,1,0%,1,4
1099107,Tara Holm,4.2,100%,7,3.6
2361932,Reid Friedson,5,100%,5,3.8
2295182,Fei Fei Wang,3,50%,2,4
646669,Susan McCouch,5,100%,5,3
2062035,Daoji Huang,3.1,50%,3,3.3
2173961,Mona Olsen,4,100%,1,1
1726720,Sharon Poczter,3.2,20%,12,3.2
278747,Brett De Bary,4.2,100%,4,2.2
1258139,Brian Rubineau,2.4,0%,25,3.5
2045830,Cecilia Earls,2.6,34%,9,3.9
2098151,Harry Stewart,4.5,100%,2,2.5
1230630,Andrew Mertha,4.4,100%,16,2.6
746871,Tom Stiadle,3.8,0%,9,2.8
503069,Maria Terrell,3,50%,125,3.7
1102743,Chakesha Liddell,1.2,0%,5,3.2
2352446,Dominik Riechers,4,100%,1,2
64514,James Cutting,3.9,50%,25,3.8
209141,Charles Williamson,4.4,86%,28,2.7
1398690,Beth Livingston,4.3,100%,15,1.6
2109793,Damien Tissot,5,100%,2,3.5
68462,Leigh Phoenix,2.9,50%,22,3
1066240,C. Lindsay Anderson,4.7,100%,13,2.6
1006277,Len Lion,3.3,100%,6,3.2
1133026,James Bisogni,4.3,0%,4,1
882332,Jason Phipps-Morgan,4.5,100%,3,1
2338483,Blair Johnson,5,100%,1,4
1884518,Salman Avestimeh,2,25%,4,3.5
2250718,Shami Chatterjee,3.5,50%,2,3
185115,Wolfgang Sachse,2.1,17%,44,3.8
2169177,Caitlin Kane,5,100%,2,3.5
452107,Edmundo Paz-Soldan,4.2,100%,6,2.7
2031926,Dayoung Kim,5,100%,3,3.3
1542478,Mingming WU,2.8,100%,5,3.2
1909936,Andrew Marshall,4.2,100%,4,3.2
782439,Shelley Wong,5,100%,4,2
1347674,Stuart Phoenix,1.3,0%,3,2.7
2336062,Yu Yu Khaing,5,100%,1,3
1841299,Farbod Shokrieh,4.2,100%,22,3
1516742,Kelly Musick,4.2,0%,4,2.5
1779527,Maxim Troshkin,4,84%,15,2.2
2282171,Jared Smith,4,67%,3,4.3
2185911,Maria Bramati,3,50%,2,3.5
2154783,Rebecca Seguin,4,67%,3,2
469291,Melissa Ferguson,4.3,100%,6,2.3
2323637,Maria Savella,4,100%,1,3
268989,Ellis Loew,3.8,100%,23,3.1
2217793,Lauren Harmon,4.4,85%,13,3.6
751697,Tsitsi Jaji,2.4,0%,3,3.3
1688960,Raluca Tanase,2.4,0%,4,3.5
2263224,Stephanie Creary,2.3,34%,3,2.7
1430110,Michael Giebelhausen,3.2,67%,9,1.7
853575,DD Miller,3.8,100%,4,2.3
2000879,Steven Mohlke,4.8,100%,3,2.7
1124834,Mike Van Amburgh,3.6,100%,8,2.5
1927126,Samuel Kleiner,5,100%,4,2
2284509,Jeffrey Moses,3,0%,1,1
2283438,Lori Leonard,5,100%,1,4
2167253,Jacqueline Reynoso,3.6,60%,5,3.2
250500,Paul Velleman,2.5,45%,77,3.1
461191,Darlene Evans,3.5,100%,24,3.9
2310097,Danielle Reid,4,100%,1,1
987883,Iwan Azis,3.2,100%,10,3.5
2305885,Anna Fang,5,100%,1,3
855260,Steven Sangren,3.1,0%,8,2.9
330287,Gordon Potter,3,67%,8,2.8
273406,Lisa Nishii,4,100%,18,2.3
221941,Jonathan Culler,4.1,0%,8,2.8
2295586,Shuai Ye,2,0%,3,4
826920,Camil Muscalu,2.8,100%,18,3.2
599011,Kern Reeve,4.8,100%,12,2.7
1824246,Marcela Romero Rivera,3,0%,1,2
1818365,Arpita Ghosh,2.8,100%,11,2.9
2119369,Viju Pillai,5,100%,5,4
2209795,Warren Bailey,4.5,100%,2,3.5
1784976,R. Nathan Spreng,3.4,50%,5,3.6
268992,Nancy Lorr,4.2,100%,14,2.8
1804392,Benjamin Lawrence,4.5,100%,3,2.3
2191849,Howard Chong,5,100%,2,3
2211557,Amanda Recupero,5,100%,1,2
745135,Randy Wayne,3,100%,28,2.6
1000331,Allen Back,2.2,17%,26,3.4
1398464,James Giles,3.8,100%,7,1.9
1705396,Walter Frisch,5,100%,2,4.5
697599,Sarah Cote,4.2,100%,7,3.4
2278644,Panle Barwick,1,0%,1,3
216853,Brian Crane,3.3,60%,73,3.4
204714,Robert Venables,3.3,100%,22,1.4
2232764,Brian Hwang,5,100%,2,4
197368,John Najemy,3.9,100%,14,3.2
733786,Mason Peck,3.6,100%,7,2.6
1895092,Raul Gomez,4,60%,13,3.3
2248534,Douglas Lin,3.8,80%,5,3.8
197611,Andrea Parrot,2.9,0%,17,3.3
3939,Judy Bernstock,3.8,100%,27,2.3
1924322,John Pike,4.5,100%,2,3.5
1294602,Robert Sarachan,3.1,50%,9,2.7
736895,Betty Richardson,2,100%,7,4.3
161645,Walter LaFeber,4.9,100%,14,3.1
2152001,Melissa Warden,4.5,100%,2,2.5
1108287,Louis Falkson,2.7,0%,5,3.6
578437,Hasan Padamsee,3.9,0%,15,1.9
2248867,Shahadat Hossain,2.5,50%,2,3
2260632,Oleg Firsin,1,0%,1,4
1446775,Alicia Orta-Ramirez,3.2,0%,3,2.7
1701515,Kandukuri Venkat Raman,5,100%,2,3
2179782,Vincent Ialenti,4.7,100%,3,3.7
1969507,James Lloyd,4,100%,4,2.5
332525,J. C. Séamus Davis,4.4,100%,12,3.2
2220315,Bo Yang,3,50%,2,3.5
574625,Jurandir oliveira,3.9,100%,11,1.2
619625,James Gross,3,100%,13,3.7
1058169,Alex Papanicolopoulos,4.9,100%,8,3.6
1427387,Jim Berry,3.7,100%,9,2.8
1692600,Richard Mansfield,2.5,0%,3,3
1121721,Dina Zemke,3.8,100%,5,2
1442355,Greg Sloan,3,67%,4,3.3
2255041,Daniel Freund,5,100%,1,4
184814,Robert Jarrow,3.3,100%,7,2.1
2024512,Pamela Weisberg-Shapiro,3,0%,3,2
2050974,Claire Whitenack,4,100%,1,4
2236936,Kris Hartley,4.8,100%,6,3
2247781,Samir Sherali,5,100%,1,3
424014,Diane Rubenstein,3.9,100%,5,2.4
2187611,Zhexiu Tu,5,100%,1,2
1962890,Stephen Bloom,5,100%,1,2
273248,Michael Spivey,3.8,0%,25,2.5
131157,Flaminia Cervesi-Mccobb,4.5,100%,15,2.5
2064155,Elizabeth Huntley,4.3,100%,2,3.5
2241065,Andrew Kuramoto,5,100%,1,1
1654092,Jonathan Butcher,3.5,100%,2,3.5
2009566,Gregory McLaskey,5,100%,1,1
182083,Craig Snow,4,100%,34,4.7
1795003,Roseanna Zia,3.6,100%,6,4.2
2210886,Patrick Charles,1,0%,2,3.5
553096,David Grubb,3.4,100%,21,2.9
2228243,Korey Williams,3,0%,1,4
1166518,Mark Morris,4.9,100%,4,2.8
1030512,Julie Legate,2.9,0%,4,4.8
386324,Mary Beth Norton,3.2,100%,11,4.3
72067,Rick Allmendinger,4.6,100%,13,3.4
593479,Shirley Samuels,5,100%,6,3.8
1282909,Margaret Shackell-Dowell,2.7,100%,3,2.7
2222055,Justine Vanden Heuvel,2,0%,1,2
2093083,Zeshawn Beg,3.5,67%,8,3.3
2201736,Chad McIntosh,4.5,100%,2,3.5
769776,Viktoria Tsimberov,4.6,100%,6,3
893006,Gavriel Shapiro,3,0%,6,3
2219449,Ananda Cohen-Aponte,4,100%,1,3
1309217,John Hale,2.5,100%,24,4
1965327,Allison Elias,4.1,100%,8,3
1162700,Judith Brownell,3.3,100%,4,2.3
163099,Jeff Cowie,4.1,100%,45,3.4
188821,John Cisne,2.9,0%,31,2
966810,Jan Nyrop,4.8,100%,4,1
304063,Ahren Sadoff,2.5,0%,21,3.4
1726353,Anthony Hay,2.8,100%,12,3.4
2209325,Timothy Campbell,2,0%,1,3
1928546,Eric McDermott,4.2,50%,3,4.3
409395,Lance Compa,4.7,100%,12,2.2
240973,An-Yi Pan,1.8,0%,14,2.9
563599,Charles Seyler,4.8,100%,7,3
151920,Robert Parker,3.4,0%,5,3
407788,Ephrahim Garcia,3.4,100%,23,3.3
2201383,Amber Harding,5,100%,1,3
560516,Iouli Iliachenko,4.8,100%,5,3
1173684,Thomas Volman,3.7,100%,3,3.3
1991243,Bill Gaskins,5,100%,1,4
929096,Carl Franck,1.9,0%,4,3
9724,Jean Locey,2.9,0%,24,3.2
1478260,Nancy Brooks,2.5,0%,8,3.5
873434,Tom Avedisian,3.7,100%,10,3
2063010,Ling Ma,5,100%,3,2.7
183634,Dale Grossman,4.3,100%,23,3.2
274172,Linda Van Buskirk,3.2,100%,20,3.6
1806907,Jeff Niederdeppe,5,100%,3,2.7
1664758,Siu Sylvia Lee,2.8,100%,2,3
1930019,Megan Kruer,5,100%,2,4
357392,Charles Van Loan,3.1,0%,27,3.6
2145606,Klas Molde,5,100%,1,1
2177663,Daniel Collins,3,100%,1,4
984385,Dana Radcliffe,2.8,0%,2,4
1895460,Karl Shell,5,100%,1,4
555374,Thomas Fields,5,100%,3,3
376125,Maria Fernandez,2.4,0%,10,3.2
459880,Jery R. Stedinger,3.7,0%,13,3.2
2172336,James Overhiser,4,100%,1,1
1259694,Ping LI,1.8,100%,7,4.9
766048,Michael Spencer,2.3,100%,9,4.3
2148070,Kavita Bala,3.3,100%,2,2
721320,Patrick Sullivan,3.5,100%,23,1.9
546954,Hiro Miyazaki,3.4,100%,8,2.5
349936,Richard Burkhauser,2.5,100%,90,2.8
1705224,Jordan Matsudaira,4.3,0%,4,3
2164696,Mary Stevens,5,100%,1,4
2161295,Jason Carrier,2,0%,2,3
1695327,William Reyes-Cubides,4.8,100%,30,3.6
2156646,Nick Fesette,5,100%,1,3
950905,Ronald Booker,2.2,0%,20,3.5
1402993,Olga Khessina,4.8,100%,5,3.6
1828965,Chris Riddell,3.5,100%,5,2.8
342999,A.R. Fatihi,3.6,100%,12,1.9
132173,Robert Terrell,3.7,100%,65,2.7
321169,David Mankin,3.9,100%,40,2.1
2148838,Kenneth Chong,4,100%,1,3
16597,Laura Meixner,4.3,NA,8,2.8
1081933,Laurent Dubreuil,4.2,NA,6,3
217660,Jane Fajans,2.1,100%,23,2.1
1237050,Karel Mertens,3.6,NA,11,2.9
2147295,Francesco Bianchi,2.5,NA,1,3
2060168,Tim Sorg,5,NA,4,2.3
748119,Todd Schmit,4.8,NA,3,2.3
154651,Deborah Streeter,4.6,NA,36,3.7
1463876,Marygold Walsh-Dilley,4.3,NA,3,2.3
411462,Margaret Rossiter,4.2,NA,3,1.3
682807,Nirav Patel,4.7,NA,19,3.1
162717,Debra Nero,3.9,NA,54,4.2
160880,Henry Wan,3.8,NA,35,1.7
650059,Harold Craighead,4.6,NA,5,1.6
183722,Byron Suber,4.5,NA,5,3.2
654114,"Nelson Hairston, Jr.",4.8,NA,6,1.7
2127911,Mike Amburgh,5,NA,1,2
1850116,Tom Whitlow,4.2,NA,5,1.8
1979645,Draga Zec,3.5,NA,1,3
2093121,Mark Nelson,5,NA,2,2
1245753,Peter Hobbs,3.5,NA,3,2.3
842463,ED Intemann,4.5,NA,2,3
240240,Barry Maxwell,3.9,NA,20,3.2
2002943,Verdie Culbreath,2.7,NA,5,3.8
1579691,William Dichtel,4.4,NA,14,3.4
849002,Jack Goncalo,4.1,NA,20,2.2
1114878,Ling QI,3.9,NA,13,4.2
1017662,Daima Taimina,2.5,NA,4,3.5
141404,Paul Wagner,4.5,NA,9,2.1
2107486,Emily Sherwin,2,NA,1,4
2106938,Tatiana Homonoff,3.5,NA,1,2
2106946,Tasha Lewis,3,NA,1,3
597670,Angela Gonzales,2.5,NA,20,2.5
2076467,David Orr,5,NA,1,3
2066691,Steven Paling,1.5,NA,2,1.5
2037340,James Dunlea,4.5,NA,1,4
2098874,Delphine Gourdon,4.5,NA,1,2
240961,Susan Lobello,4.4,NA,17,2.4
2098174,Jennifer Carrington,4,NA,1,3
2063015,Eric Rowe,4.8,NA,3,2
529936,Steven Robertson,4.5,NA,2,3.5
1279693,Rebecca Harris-Warrick,4.4,NA,6,3
486738,Cynthia Camp,4,NA,4,3
1978942,David Snyder,4.8,100%,3,3.3
2063016,Chelsea Wessels,4.5,NA,2,3.5
1170853,Emily Gier,3.5,NA,4,3.5
880763,Zellman Warhaft,2.8,NA,6,3.7
226123,Emmanuel Giannelis,2.7,NA,27,2.9
963725,Charles Nicholson,2.8,NA,2,4.5
1943213,Siddhartha Chaudhuri,4.5,NA,7,3.1
813845,Tom Volman,3,NA,13,2.8
869613,Robert Masson,1.7,NA,9,3
1927041,Jason Locasale,4.5,NA,2,3.5
1921504,Griffin Guardala,3.9,NA,9,2.1
182112,Sherri Kimes,2.5,NA,3,4.7
655823,Paul Carr,2.7,NA,5,3
922767,Mark E Lewis,2.2,NA,11,3.6
272454,Ronald Kline,4.7,NA,10,2.9
2018969,Cynthia Leifer,5,NA,1,3
1631961,Ana Pires,3.9,NA,9,3
2010176,Jiwoong Park,4,NA,1,4
181677,Alyssa Apsel,3.1,NA,14,4.1
972858,Ehsan Afshari,3.8,NA,6,4.8
1931840,Boris Kogan,5,NA,3,3.7
1244934,Matt Brashears,4.3,NA,8,1.9
270591,Tarleton Gillespie,3.7,NA,23,3
1108568,Andre Kessler,4.5,NA,1,4
511286,Dotsevi Sogah,2.6,NA,39,3.6
2040312,Douglas MacMartin,1,NA,1,5
860229,Richard (rick) Harrison,2.9,NA,4,3.5
870327,Louis Billera,3.5,NA,3,3.3
620969,Locksley Edmondson,2.8,NA,9,3.6
145427,Isaac Kramnick,4.2,NA,51,2.8
257330,Alexander Gaeta,3.7,NA,11,2.6
2033757,Nicolae Lobontiu,5,NA,1,4
702646,Breton Bienvenue,4.3,NA,22,2.6
2014598,Tsuhan Chen,4,NA,1,1
1414895,Ashutosh Saxena,2.1,NA,17,4.2
1882282,Vishal Gaur,4,NA,1,2
1748622,Doug James,4.2,NA,5,3.6
1172462,Daniel Lichter,3.4,NA,4,2.5
994559,Dan Cosley,3.8,NA,8,2.5
2009673,Meghnaa Tallapragada,4,NA,1,2
636246,Jim Williamson,4.8,NA,8,2.9
809948,Joe Fetcho,3.7,NA,10,3.6
1745520,Thomas McEnaney,4,NA,4,3.3
1901354,Gustavo Flores-Macias,3.8,NA,2,3.5
2021380,Jamie Miller,5,NA,4,3.3
270626,Kevin Clermont,3.3,NA,16,4.4
1076793,Frederic Gleach,3.6,NA,4,1.8
1964333,Paromita Sanyal,2,NA,1,2
149961,Bik Tye,2,NA,27,3.4
1631955,Steven Mahaffey,4.6,NA,9,2.1
202264,. McCormick,3.8,50%,18,3.6
295380,George Hascup,3.3,NA,8,2
287383,Yukiko Katagiri,4.4,NA,4,2.3
1817367,Jura Liaukonyte,4,NA,2,2.5
462392,Richard Miller,2.9,NA,22,2.6
1870414,Susanne Solomon,3.8,NA,2,2.5
369349,Peter Davies,3.8,NA,11,2.5
893397,Julia Thom-Levy,3.9,NA,10,2.5
164982,Thomas Seeley,4.5,NA,11,2.6
313103,Dan Zaffran,3.9,NA,9,3.1
1826508,Stevie Edwards,2.3,NA,4,3
1872007,John Paul Sniadecki,4.8,NA,4,4
372166,Andrew Chignell,4.6,NA,20,3.3
220999,Shambhu Oja,4.9,NA,8,2.6
261957,Tapan Mitra,4.1,NA,16,4.2
1325858,Yingxin Gao,2,NA,12,3.8
1095683,Christopher Earls,4.6,NA,7,1.9
1515016,Adeolu Ademoyo,4.1,NA,5,1.2
1895684,Brian Lazzaro,4.5,NA,4,3.5
259659,John Belina,4.6,NA,28,2.7
348358,Barbara Bedford,5,NA,5,2.4
203512,Emin Gun Sirer,3.7,NA,26,3.7
831522,Stanka Radovic,4.9,NA,4,3.3
1584262,Bart Huelsenbeck,2.5,NA,1,3
1754282,Camille Robcis,4,NA,1,3
260180,Amit Lal,2.6,NA,16,4.1
1155259,Peter Jackson,4.3,NA,8,2.5
1689011,Rajendran Narayanan,4,NA,4,3.8
325066,Paul Dawson,1.9,NA,25,4.1
1920639,Jay Lu,3,NA,2,4
278508,Levon Barseghyan,4,NA,44,2.3
953650,Bruno Bosteels,2.2,NA,15,3.5
908468,Nina Hien,4.3,NA,3,3
160886,Uri Possen,3.5,NA,9,2.7
43983,Nick Salvatore,2.7,NA,51,4.3
1136784,Keith Tidball,4.6,NA,14,3.2
1450788,Michelle Williams,3.4,NA,8,3.3
913566,Jeannine Routier-Pucci,4.7,NA,9,3.2
1734538,Sanjay Dharmavaram,4.8,NA,9,2.6
1781590,Tanzeem Choudhury,2.6,NA,4,2.5
1852267,Bruce Fontaine,4.3,NA,3,3
1248741,Michael Hostetler,3.2,NA,3,2.7
1837935,Matt Backus,5,NA,2,3.5
1959171,Dustin Jones,4.8,NA,2,3
815214,David Brown,4.5,NA,3,1.7
559899,Henry Kaiser,4.1,NA,7,1.7
1317240,Anna Bertiger,1,NA,3,4.3
134449,Robert Bland,3.4,NA,26,3.2
1847263,Emma Perry,3.9,NA,4,1.8
1630834,Samanta Ordonez,3,NA,2,3
1172152,Pedro Erber,4.8,NA,2,1.5
1013846,John Forester,4.6,NA,5,2.4
1260897,Leticia Meza-Riedewald,3.9,NA,7,3.3
1855947,Christopher Drangle,4.8,NA,5,2.2
441633,Richard Shore,3.5,NA,4,4.3
1623970,Lawrence Bonassar,4.1,NA,4,3.3
1779440,Peng Wu,2.6,NA,5,3.2
1534731,Laurel Lathrop,5,NA,2,5
1261043,David Matteson,3.8,NA,4,2.8
686729,Huseyin Topaloglu,4.8,NA,8,2.8
132566,Rajit Manohar,4.4,NA,8,4.1
1135085,Viktor Tsyrennikov,3.8,NA,5,3.4
1685882,Rachel Bean,4.2,NA,3,2.7
401872,Thuy Tranviet,3.2,NA,6,3.5
1037719,Kevin Hallock,3.6,NA,7,2.4
1503994,Chad Lewis,4.3,NA,5,3.6
1342799,Brant Torres,4.5,NA,4,2.8
1743585,Dana Friend,4,NA,3,3
1193237,J Guyton,4.8,NA,6,1.5
184789,Binoy Dharia,3.4,NA,7,3
1882731,Cathy Enz,4.5,NA,1,2
1724649,Jerrie Gavalchin,4.9,NA,4,1.5
442010,R. Keith Dennis,3.7,NA,5,4.4
856305,Kuei-Chiu Chen,3.6,NA,6,3
456394,Maureen Waller,4,NA,10,1.7
1662921,Rachel Coye,4.9,NA,4,2.3
56605,David Schwartz,3.1,NA,52,3.3
1090802,Annetta Alexandridis,2.7,NA,10,4
1283725,Ann Forsythe,2.9,NA,30,4.2
1534019,Dafna Hornikee,3.5,NA,3,3.3
364259,Hod Lipson,2.7,NA,8,3
1901455,Ramon Velazquez,3.5,NA,1,3
1476718,Carl Sagan,5,NA,5,1
135493,David Usher,3.5,NA,34,3.1
460230,Christiane Linster,4.1,NA,6,3
490285,Frank Wayno,4.4,NA,4,2.8
525463,Calum Carmichael,3.6,NA,7,3
491949,James Liebherr,5,NA,2,3.5
1730227,Jill North,3.7,NA,5,3.4
851564,Stephen Frug,3.6,NA,4,3
1828443,Thomas Patton,4.5,NA,1,3
1852278,Amy Cochran,4,NA,1,3
714273,Helen Nivison,4.4,NA,6,4
1705150,David Feathers,5,NA,1,2
594217,Carl Hopkins,3.4,NA,31,3.9
1098363,Muna Ndulo,4.9,NA,6,3.5
1646833,Brigitte Fielder,4,NA,1,1
454957,Barbara Koslowski,3.5,NA,12,2.7
152032,Sheila Hemami,3.1,NA,30,3.6
767187,Rick Bogel,4.3,NA,6,3.8
1335257,Melissa Figueroa,4,NA,7,2.4
1633489,Aisha Gawad,4.1,NA,5,3.6
990890,Patsy Brannon,4.2,NA,11,3.2
187591,Nicholas Zabaras,4,NA,52,4.1
1786758,Mike Manville,4,NA,1,3
1515246,Owen Baker,3,NA,3,3
733479,James Almy,2.9,NA,6,3.5
603952,Sunil Bhave,3.6,NA,8,2.5
1056853,Dagmawi Woubshet,4.8,NA,12,2.8
1879429,Kent Goetz,4.5,NA,1,2
1673697,Nolan Bennett,5,NA,3,3
1331151,Daniel Benjamin,4.8,NA,8,2.5
1122112,David Patel,4.6,NA,7,2.7
1699431,Horakova Anna,5,NA,2,2
1849014,Judith Piotrkowski,5,NA,2,3.5
1047896,Sreemati Mukherjee,4,NA,6,2.2
224516,Shelley Feldman,1.6,NA,8,2.1
145193,Bruce Lewenstein,4.1,NA,21,2.3
204511,Anne Blackburn,2.2,NA,18,3.9
1171,Debra Fried,3.6,NA,13,2.8
1797882,Pierre Gourdain,4.8,NA,2,1
120591,Alan Bell,4.4,NA,15,3.1
145423,David Lipsky,4.6,NA,15,2.4
906909,Anita Racine,4.6,NA,8,4.3
151084,George Hudler,4.7,NA,30,1.8
1420964,Mark Psiaki,4.1,NA,7,4.9
1870839,Lauren Schenkman,4,NA,1,2
1870041,Pauline Goul,3,NA,1,3
270546,Andrew Bass,3.9,NA,9,2.7
503386,Cynthia Turner,4.6,NA,7,3.7
1122349,Hening Lin,4.7,NA,5,1.8
1427396,Noah Snavely,4.4,NA,4,2
1866512,Michelle Greco,4.5,NA,1,4
735793,Jack Freed,2,NA,12,4.3
1592056,Madeline Casad,4.8,NA,2,2.5
1849814,Samuel Nam,5,NA,2,3.5
746492,Kathleen Vogel,3.5,NA,13,3.2
1537273,John Guckenheimer,3.1,NA,10,4.1
1843157,Reza Shahbazi,4.5,NA,3,3.3
1850309,Brandon Hencey,2.5,NA,2,3.5
1377662,Will Rodgers,2.8,NA,2,2
1848031,Anca Chereches,1,NA,2,5
266830,Sidney Orlov,1.6,NA,43,4.6
1854545,Nathaniel Guset,4.5,NA,1,1
1024799,Emily Eaton,4.3,NA,3,3.3
132526,James Bartsch,4.6,NA,10,2
356438,David McCobb,3.5,NA,5,3.2
1233454,Erik Schmidt,4.5,NA,2,2.5
182127,Preston Clark,3,NA,21,3.9
850456,Julia D'Souza,2.4,NA,4,4.3
1708344,Susan Christopherson,4.5,NA,2,1.5
353345,John Bishop,2.5,NA,9,3.2
1252117,Samantha Brooks,2.5,NA,7,3.1
270601,Bonnie MacDougall,2.6,NA,8,1.4
1839293,Oliver Gao,3,NA,1,1
1085556,Matti Eklund,3.8,NA,4,3.3
1795322,Aragorn Miller,3.5,NA,2,2
1171331,Sachin Goyal,1.5,NA,2,3
748822,Laura Donaldson,2.4,NA,4,3.8
1834381,Brian Hanrahan,4,NA,1,3
1209200,Kavita Singh,3.8,NA,3,2.3
185518,Jim Self,4.5,NA,6,2.5
1740947,Katie Destiny Compton,4.8,NA,5,2
1800197,Sally Wen Mao,1.5,NA,2,3
259578,Harry Greene,4.7,NA,23,2
1733677,Kevin Carrico,4.3,NA,5,3
599366,Greg Poe,3,NA,13,2.6
581505,Fredrik Logevall,4.4,NA,11,2.9
564667,Barbara Lust,5,NA,3,3
223281,Marjolein Van Der Meulen,2.8,NA,12,3.4
1201879,Julie Mann,3.5,NA,7,3.4
1692482,Rick Mansfield,4,NA,1,3
204062,Richard Boyd,3.1,NA,17,2.5
1605190,Poul Petersen,3,NA,1,2
1819081,Kyle O'Conner,5,NA,1,2
247196,Daryl Bem,3.7,NA,20,3.1
1798287,Anuk (pin) Serechetapongse,5,NA,1,4
1800991,Thomas Hambury,2,NA,5,3.4
1705329,Michael King,4.8,NA,2,1.5
182133,David Dittman,4,NA,24,2.4
405246,Andrea Quaroni,4.2,NA,9,2.6
906514,Qing Ma,4.1,NA,7,3
1817682,Andrew Sale,5,NA,1,2
629356,Hubert Zimmerman,3.3,NA,6,2.8
1432945,Rafael Pass,4.8,NA,5,1.8
195632,Clifford Scherer,3.9,NA,25,2.6
844913,Travis Park,3.1,NA,5,2.4
192511,Meredith Small,3.6,NA,17,2.8
609347,Ronald Herring,2.1,NA,14,3.2
1571250,Justine Vanden Heuvel,5,NA,2,2
544427,Vince Mulcahy,3.7,NA,12,2.5
766131,David Erickson,2.4,NA,9,3.7
1406118,Nick Roth,4.8,NA,2,2
224377,Charles Geisler,3.1,NA,12,2.5
498195,Lorraine Paterson,4.7,NA,10,2.3
134037,Vic Koschmann,4.7,NA,8,2
921739,Katsuya Hirano,4.3,NA,11,2.6
1802321,David Belanger,5,NA,1,2
181432,Murray McBride,5,NA,4,3.5
1798279,Kei Fung (dennis) Tai,4.5,NA,1,2
886906,Duane Corpis,4.3,NA,10,2.9
1728723,Dawn Woodard,2.3,NA,5,4.2
274167,Katherine McComas,3.9,NA,14,2.1
226025,Ted Sider,4.6,NA,6,2.2
620981,Ruediger Dieckmann,1.5,NA,6,4.8
1790297,Michael Carpentier,4,NA,1,4
1703854,Julius Lucks,4.5,NA,1,4
932565,Daniel Duque,4.8,NA,5,2.8
132503,Christine Schelhas-Miller,3.6,NA,29,2
1006282,Christine Shoemaker,2.4,NA,6,3.2
1723044,Elissa Cogan,2.3,NA,3,3.3
132808,William Ghiorse,3.8,NA,27,2.3
1165348,Emily Owens,2.8,NA,10,4.1
1039532,Dan Cohen,4.6,NA,7,2.4
1748140,Amy Voida,2,NA,1,1
1200859,Barbara Ganzel,3.2,NA,5,3
1777798,Rodrigo Trevino,4.3,NA,2,2.5
1378271,Rodrigo Fuentes,4.5,NA,2,2.5
1025276,Kenneth Mudge,2.9,NA,4,2.3
1775244,Phillip Ayoub,5,NA,1,2
1156980,Eliza Buhrer,4.5,NA,2,1.5
996579,Muna Aghawani,4.8,NA,3,2.7
183393,John Abowd,3.1,NA,88,2.4
99055,Charles Walcott,4.1,NA,39,3.4
1257816,Walter Koenig,5,NA,2,2
1275393,Jennifer Williams,0,NA,0,0
1028443,Audrey Wasser,0,NA,0,0
1548115,Martine Kaczynski,0,NA,0,0
529939,. Haas,0,NA,0,0
182117,Richard Penner,5,NA,4,5
1760656,Henry Schnieder,5,NA,1,1
1759879,Alan Denton,2,NA,1,4
318612,Eugene Madsen,3.2,NA,6,1.7
1095418,Jimmy Noriega,4.6,NA,33,3.3
350209,Albert Sievers,2.9,NA,6,3.8
1691335,Clifford Roberts,4.8,NA,2,2.5
1624800,Victoria Prowse,3,NA,1,1
378475,Leslie Trotter,2.9,NA,10,3.1
775393,Tamar Gendler,4.5,NA,3,3
195437,Christine Ranney,1.9,NA,6,1.8
240959,Susan Buck-Morss,3,NA,15,3
323064,Ute Maschke,4,NA,13,3
285693,Steve Schwager,2.9,NA,11,3.5
344263,William Kennedy,4.1,NA,10,2.3
272361,Michael Lynch,3.9,NA,10,2.5
832272,Antonia Ruppel,4.4,NA,10,2.5
361448,Xin Guo,4.3,NA,9,2.7
328005,Mark Eisner,2.4,NA,7,3.1
37204,Bernd Lambert,4.6,NA,7,2.1
476067,Roger Battistella,3.4,NA,7,2.3
798515,Nicholas Soodik,4.9,NA,6,2.8
1329394,Danier Bouza,4.5,NA,5,4
582395,Milton Curry,2.7,NA,5,4.4
120016,Sam Bacharach,4.3,NA,3,1.7
786994,Vicki Caron,3.3,NA,2,3
482546,Lars Wahlbin,2.9,NA,8,3.8
1634805,Cynthia Reinhart-King,4.5,NA,2,3
955444,David Funk,3,NA,1,3
758559,Gail Fine,2.7,NA,6,3.3
1738660,Lynne Vincent,5,NA,2,2.5
258512,Edward McLaughlin,3.8,NA,37,3.4
1121135,Daniel Magaziner,4.7,NA,11,2.5
908517,Joseph Mikels,4.4,NA,8,1.4
1327087,Thomas McSweeney,4.9,NA,5,3.2
1051149,Jared Harel,5,NA,2,1.5
274153,Phyllis Janowitz,3.6,NA,8,1.9
197374,Carol Kaske,4.9,NA,7,3.4
1489692,Christopher Anderson,3.2,NA,3,3.7
1190770,Frank Schroeder,2.5,NA,3,4
583906,Chris Kim,3.9,NA,7,3
831585,Drew Noden,3.8,NA,8,4.1
449690,Subrata Mukherjee,1.9,NA,5,3.8
591200,Bruce Turnbull,2.4,NA,10,3.4
1692196,Danielle Cudmore,5,NA,1,3
335170,Elaine Wethington,2.9,NA,14,2.3
210622,Nick Kiefer,2.2,NA,5,4
323893,Talia Bar,3.7,NA,35,3.3
821842,Katherine Marks,5,NA,4,1
1623441,Thomas Johnson,2.8,NA,3,3.7
856933,Helen Tseng,4.7,NA,3,1.3
1720235,Zach Manchester,5,NA,1,2
1293571,William Lesser,2.4,NA,5,1.4
1713801,Sutee Anantsuksomsri,4.5,NA,1,2
1667067,Tamra Fallman,5,NA,3,2.3
462403,Penny Beebe,3.5,NA,5,3.2
1637496,Stefano Selenu,4,NA,1,2
278132,Anna Marie Smith,4.1,NA,8,3.6
1443913,John Robbins,4.8,NA,3,2.3
1173517,Amanda Snellinger,4.3,NA,2,4
914689,Chris Schaffer,3.3,NA,10,3
1009112,Faust Rossi,4.8,NA,6,4
1273356,Douglas Long,2.9,NA,5,2.6
197356,Christine Sparfel,4.7,NA,21,2.8
134378,Isabel Hull,4.7,NA,8,4
194054,Bill Carroll,4.2,NA,13,2.6
449436,Lawrence Bruce-Robertson,4.1,NA,8,3.1
891115,Maria Antonia Garces,4.9,NA,10,3.4
16602,Loretta Carrillo,4.3,NA,4,2.3
817956,Michael Simons,3.5,NA,3,3
1223007,Judith Appleton,3.3,NA,6,3.7
1675201,Bob Lieberman,5,NA,1,2
539420,Sharon Ahlers,3.9,NA,7,2.7
1282778,Juan Espinosa,4.7,NA,3,3.3
562427,Davyd Greenwood,4.6,NA,9,2.2
1672733,Clayton Pityk,3,NA,1,2
1672996,Orlando Lara,5,NA,1,3
1670373,George Gao,1,NA,1,2
748412,Peter Kahn,3.6,NA,7,2.9
185131,Sidney Leibovich,3.4,NA,4,2.8
1634917,John Gaulke,4,NA,1,1
16596,Claudia Lazzaro,3.8,NA,12,3.2
184339,Alex Moore,4,NA,5,2.2
272265,Paul Chirik,4.3,NA,120,3.4
182109,Mary Tabacchi,3,NA,25,2.6
195461,Brian Earle,4.7,NA,23,1.9
500318,Allen Hatcher,4.3,NA,12,3
558933,Pat Johnson,4.1,NA,5,3.8
134464,Philip Protter,3.5,NA,15,2.7
1591452,Christopher Lirette,3.7,NA,5,3
1246460,Elisabeth Fay,3.5,NA,2,3
1655798,Joseph Conrad,1,NA,1,3
1151996,Osvaldo De La Torre,4.7,NA,3,2
1561761,Andrew D Bridson,2.3,NA,2,1
1166522,Jerry Wells,3,NA,4,4
553625,Adam Crown,4.9,NA,4,2.5
1636612,Ahmed Muhamed,4,NA,1,2
265703,Ramesh Mallipeddi,3.5,NA,10,2.9
1645627,Bhaswati Bhattacharya,5,NA,1,4
1270126,Paul Hyams,5,NA,1,3
1421232,Adam Wickenheiser,3.2,NA,3,1.7
1475905,Liron Mor,4,NA,5,3.4
1451156,Ikhide Imumorin,1,NA,2,4.5
1623379,Rafael Tinoco,4.5,NA,1,3
1633694,Remus Radu,4,NA,1,2
909053,J Bemstock,2.5,NA,2,4
1123416,Clement Lai,5,NA,2,3
1369027,Chris Pollock,5,NA,1,4
129943,Theodore Lowi,3.1,NA,59,2.7
1050226,Lisa Dragoni,3.8,NA,9,2.3
170016,Szonja Szelényi,4.9,NA,33,1.4
1567449,Mark Turnquist,4.5,NA,2,2.5
1271124,James Cecil,3.5,NA,8,4.5
1478751,Armando Garcia,1.8,NA,3,3
225973,Jane Wang,2.6,NA,4,3.5
1255267,Michael Koch,4.9,NA,4,3
1171479,Gwyneth Whieldon,3.7,NA,3,3.3
1048755,Stephen Boedo,3.8,NA,4,3.8
135559,Neal Zaslaw,4,NA,10,2.9
1201013,David Ben Daniel,4.8,NA,2,2
299861,Tom Lyson,4.1,NA,4,2
283246,Martin Shefter,2.5,NA,17,2.4
811538,Steve Jordan,3.4,NA,5,3.8
1592053,Mickey Casad,4.5,NA,2,2.5
294734,Will Provine,4.1,NA,21,3
1591031,Lisa Patti,5,NA,1,1
182119,Steven Curtis,4,NA,6,3.3
813551,David Agruss,1,NA,4,3.8
267655,Doug Haith,4.1,NA,4,2.5
498721,. Jameson,3.9,NA,6,4.2
1513009,Jill Watson,5,NA,3,2.3
501603,. Gerner,2.8,NA,8,1.5
1547063,Amanda Gilvin,1.5,NA,1,3
363627,Paul Chew,3.2,NA,11,3.2
1524233,Dennis Zhou,4.7,NA,3,1.7
976850,Freedom King,4,NA,4,2
965827,Zachary Wolfson,5,NA,2,1.5
1574434,Andrew Jones,5,NA,1,2
1535449,Lara Estroff,3.5,NA,2,4
608767,Hector Velez-Guadalupe,4.4,NA,5,2.2
1475907,Roger Spanswick,5,NA,1,3
1475906,Tomoo Matsumura,4.8,NA,3,2.7
1405730,Joseph Veverka,5,NA,1,2
915203,Bruce Rusk,4,NA,7,3.3
943362,Richard Kniffen,4.6,NA,4,1.5
1427106,Ben Weber,4.3,NA,2,2
185778,Steve Morgan,3.8,NA,19,2.6
1516707,Tulay Atak,5,NA,2,4
875886,Geoffrey Recktenwald,4.8,NA,20,3.1
1308081,Erik Kenyon,5,NA,1,3
1249409,Jessica Weeks,4.8,NA,5,3.2
560029,Carl Lagoze,3.1,NA,8,2.5
1486736,Michael Ashkin,4.8,NA,2,1
1401481,Nandini Ramesh-Sankar,1.5,NA,1,4
1083215,Sarah Ensor,5,NA,3,4.3
1247322,Norm Scott,4,NA,1,1
1107352,Abdulrazak Karriem,3.3,NA,2,3
413916,Michael Shin,2.6,NA,10,2.8
64517,Len Gross,4.2,NA,9,3
377323,Don Fredericksen,4.1,NA,8,3.1
1536597,Natalie Yasmin Soto,4.5,NA,1,3
202193,Kelly Zamudio,4.3,NA,6,3.3
1534380,Ken Cohen,3,NA,1,3
369481,Gene Hwang,3.2,NA,12,2.8
951673,Robert Vanderlan,4.3,NA,4,2.5
1329270,Frank Di Slavo,3.5,NA,2,3
894715,Matthew Sears,5,NA,1,2
470767,Pietro Pucci,3.3,NA,11,2.9
1053290,Carole Bisogni,4.3,NA,3,2.3
160884,William Goldsmith,3,NA,17,2.9
1289914,Paul Erickson,5,NA,1,3
1240728,Victoria Jones,3,NA,2,3.5
1172322,Virginia Kennedy,4.5,NA,3,3
1020732,Sarah Powers,4.8,NA,2,3.5
1401446,Jaqueline Pak,1.3,NA,8,3
906975,Barbara Finlay,2.6,NA,6,4
953377,Edward Gunn,5,NA,2,1
1172248,Danielle Tan,4.4,NA,11,2.9
590819,Bruce Halpern,4.5,NA,11,1.7
1027054,Anthony Reed,2,NA,1,3
1032599,Jay Wellman,4.8,NA,10,2.8
1111043,Caroline Ferraris-Besso,4.7,NA,5,2.6
1517475,Andrew Reed,3,NA,1,4
1207375,Paat Rusmevichientong,5,NA,3,2
324101,William Arion,5,NA,1,2
1514160,Aaron Bodoh-Creed,1.5,NA,1,4
1442244,Dan Wohns,4.5,NA,3,3.7
1006278,Beth Ahner,4.2,NA,3,2.3
803068,Barbara Knuth,5,NA,2,2.5
1384914,X Robertson,5,NA,2,2
292783,Stephen Kaplan,3.2,NA,10,3.3
714047,Alan Young-Bryant,4.4,NA,4,3.3
1318655,Adam Bjorndahl,4.3,NA,2,2.5
150288,Michael Sturman,3.7,NA,6,2.8
1053274,Salam Abdus,2.5,NA,10,1.9
1299719,Francis Disalvo,3.6,NA,12,3.6
939839,Porus Olpadwala,2.3,NA,11,4.5
1062248,Sean Stapleton,4.7,NA,3,2.7
527119,David Galton,4.6,NA,5,2.2
1210017,Jane Berger,3.6,NA,5,2
825330,Sherry Martin,3.8,NA,6,2.5
1141845,Tim Hinkin,5,NA,1,1
241816,Richard Schuler,2.2,NA,29,3
1353143,Mark Fedyk,4.9,NA,4,3
202288,Ralph Obendorf,3.3,NA,4,2.8
263287,Ian Merwin,4.9,NA,9,1.9
629071,Ward Tingey,4.3,NA,2,2
625329,Dan L. Brown,4.1,NA,7,2.4
1452522,Steve Pinkerton,5,NA,1,2
1337726,K Fisher,5,NA,1,1
458817,Elizabeth Deloughrey,4.5,NA,6,3.5
1474583,Captain Boomswing,4,NA,1,1
407448,Michael Kelley,2,NA,10,3
591760,Wendy Jones,4.4,NA,5,2.4
1344382,Wenteng Shao,4.8,NA,2,4
1403262,Thomas Zittel,3,NA,1,2
181331,Dieter Ast,1.6,NA,56,4.1
714045,Julian Varas,1.3,NA,3,4
662081,David Manke,3.4,NA,7,3.3
439684,Scott Meissner,2.1,NA,8,4
202454,Christian Otto,4.6,NA,4,3.3
1458626,Cynthia Bowman,5,NA,1,1
1172535,Rupert Spies,2.3,NA,2,4
134406,Sherman Cochran,5,NA,13,3
1002562,Mohit Chandna,4.8,NA,5,2
285696,Scott Tucker,5,NA,9,3.8
1150411,Arturo Sanchez,3.8,NA,6,3.2
273971,Joanna Luks,4.3,NA,6,3
564283,Jon Njardarson,3.3,NA,20,3.5
1134053,Mark Bain,4.7,NA,9,2.8
1020284,Richard Vale,4.7,NA,6,3.5
1023521,Eran Nevo,3,NA,4,3.8
354180,Donald Koch,2,NA,6,4
1021985,Shilo McGiff,4.5,NA,2,3
1323256,Mihai Bailesteanu,4.8,NA,2,2.5
413922,Timothy Murray,2.4,NA,8,2.5
1171082,Ronald Appelgate,4,NA,1,3
853574,Robert Gravani,4.1,NA,5,3.8
183745,Lynda Bogel,3.9,NA,20,2.4
1401105,Saul Rosenthal,4,NA,1,3
1138435,David Weinbaum,5,NA,1,3
932654,Ani Guerdjikova,2.5,NA,11,2.6
1073986,Arina Rotaru,3.1,NA,8,2.9
520445,Gary Smith,4,NA,1,3
836083,Jens Schellhammer,3.3,NA,7,3
1287702,Kirabo Jackson,4.3,NA,3,2.7
1428752,David Cruz De Jesus,1.5,NA,1,3
1270047,Matthew Freedman,4.7,NA,3,1.7
993527,Richard Kiely,4.3,NA,2,4
315143,Jim Armstrong,4.3,NA,6,3.7
1385466,Christine Suwendy,4.5,NA,1,2
836080,Jens Shelhammer,3.3,NA,2,3
540255,Plamen Nikolov,4.1,NA,7,3.3
1021731,Mukti Lakhi,5,NA,3,4
482797,Kenneth Torrance,3.2,NA,9,2.9
1009755,Gil Gillespie,3.5,NA,1,2
843932,Colin Dewey,4,NA,6,3.2
970196,William Anderson,2,NA,6,4.5
842296,Aaron Hodges,4.5,NA,3,4.7
1170951,Thomas Duncan,5,NA,2,3.5
943066,Juliana Rangel Posada,3.5,NA,2,4
1402671,John Mayberry,4.5,NA,1,1
1053261,John Blume,4.3,NA,4,3.5
483234,Gerry Dugan,2.6,NA,9,3.7
1053204,Jina Kim,1.7,NA,3,5
1377896,Nate Sutter,4,NA,1,4
561419,Henry Tye,3.2,NA,10,3.9
1300157,Andy Frohmader,2.1,NA,5,3.8
1113651,Adam Grener,5,NA,1,3
1317241,Eyvindur Palsson,4.8,NA,2,3
265146,Richard Klein,4.9,NA,7,2
1318691,L Moldes,4.8,NA,3,3
1149876,Lauren Beeley,5,NA,1,2
574143,Robert Young,3.6,NA,4,5
1384916,Gerry Fegeinson,5,NA,1,3
542531,Katy Gottschalk,4.9,NA,6,2.7
1328894,Joshua Judkins,4,NA,2,1.5
450865,S. Tun,2.9,NA,4,3.5
789402,Brian Wansink,3.8,NA,6,3
1381134,Simon Kosali,5,NA,1,3
1172077,Guang Yang,3.9,NA,5,2.8
1114653,Matthew Wallaert,5,NA,2,3.5
761882,John Bowers,1.1,NA,4,3.8
1171489,Brian Chabot,3.5,NA,2,3
1344992,Martin De Santos,4,NA,2,2
202267,Gary Fick,3.7,NA,7,2
854966,James Morin,2.8,NA,5,3
977792,Ben Glaser,3.8,NA,2,2.5
538926,Sandra Siegel,1.1,NA,11,4.7
1349485,Aaron Pelttari,5,NA,1,2
1349267,Sydney Penner,4.8,NA,2,2
334772,Tom Eisner,4.6,NA,15,1.6
268053,Peter Stein,2.4,NA,11,2.7
280793,Kenneth Reardon,4.8,NA,11,2.5
768139,Pat Barclay,4.9,NA,5,2.6
1172023,Jolene Zigarovich,2.8,NA,3,4
528779,Jose Maria Rodriguez-Garcia,5,NA,21,3.2
870989,Treven P Wall,2.3,NA,6,4.5
832389,Yervant Terzian,3.8,NA,3,2.3
1053934,William Cowdery,4.8,NA,3,1.7
492459,Judy Ross-Bernstein,3,NA,4,3.8
132153,Vaclav Kostroun,2.3,NA,6,3.5
650353,J. Njaroarson,4.3,NA,3,4
1235032,Jeremy Birnholtz,3.8,NA,5,2.8
1094316,Kimberly Bowes,4,NA,4,2.5
1272083,John Taber,1,NA,2,2.5
1209199,Jennifer Ray,4.8,NA,2,1
357671,Daniel Simon,1.7,NA,14,3.9
1103014,Manuel Colon-Amador,3.3,NA,2,2.5
1172109,Tea Bajraktarevic,4.1,NA,6,2
842345,Sarah Senk,5,NA,7,3.1
267371,Klaus Beyenbach,4.7,NA,3,2.7
1328893,Christina Cowman,4,NA,1,3
1200961,Juan Sierra,3,NA,5,4
1252981,Abby Cohn,5,NA,4,2.3
319953,Amaechi Okigbo,2.2,NA,10,3.9
289759,K Bingham Cady,2.3,NA,15,2.8
194368,Tao Zhu,2,NA,26,3.2
628878,Adele Bekerie,2.9,NA,10,1.7
1160413,Susan Ely,4.7,NA,3,4
1178053,Wilkins Aquino,3.5,NA,2,3
916249,Colin Bleak,3.4,NA,4,3
1109981,Robert Johnston,3.4,NA,4,2.5
1121281,Garnet Chan,4,NA,3,3.3
145190,Toni Russo,2.8,NA,22,2
479462,Sinan Unur,3,NA,22,2.6
379649,Kate Walsh,4.6,NA,7,2.9
231331,Lee Kraus,3.5,NA,5,4.2
559587,Anne Berger,4.6,NA,4,2.8
182107,Gregory Norkus,4.3,NA,3,2.3
194051,Cletus Daniel,4.2,NA,20,4
598803,John Zissovicci,2.3,NA,8,3.6
